fpr_svm,tpr_svm
0.0,0.0
0.0,0.00014194464158978
0.0,0.00056777856635912
0.0001556420233463035,0.00099361249112846
0.0001556420233463035,0.00127750177430802
0.0001556420233463035,0.0015613910574875799
0.0001556420233463035,0.0032647267565649395
0.0001556420233463035,0.0035486160397444995
0.0001556420233463035,0.00440028388928318
0.0001556420233463035,0.004684173172462739
0.0001556420233463035,0.005393896380411639
0.0001556420233463035,0.005961674946770759
0.0001556420233463035,0.00695528743789922
0.0001556420233463035,0.007239176721078779
0.0001556420233463035,0.007381121362668559
0.0001556420233463035,0.00766501064584812
0.0001556420233463035,0.011213626685592618
0.0001556420233463035,0.011497515968772179
0.0001556420233463035,0.011923349893541518
0.0001556420233463035,0.012207239176721079
0.0001556420233463035,0.014194464158977998
0.0001556420233463035,0.014478353442157558
0.0001556420233463035,0.01603974449964514
0.0001556420233463035,0.016323633782824698
0.0001556420233463035,0.016607523066004257
0.0001556420233463035,0.01689141234918382
0.0001556420233463035,0.02256919801277502
0.0001556420233463035,0.022853087295954578
0.0001556420233463035,0.025266146202980837
0.0001556420233463035,0.0255500354861604
0.0001556420233463035,0.027963094393186658
0.0001556420233463035,0.028246983676366216
0.0001556420233463035,0.028814762242725337
0.0001556420233463035,0.029098651525904896
0.0001556420233463035,0.02924059616749468
0.0001556420233463035,0.029524485450674237
0.0001556420233463035,0.030092264017033358
0.0001556420233463035,0.030376153300212917
0.0001556420233463035,0.030943931866572037
0.0001556420233463035,0.031227821149751596
0.0001556420233463035,0.031653655074520934
0.0001556420233463035,0.0319375443577005
0.0001556420233463035,0.03236337828246984
0.0001556420233463035,0.032647267565649396
0.0001556420233463035,0.033073101490418734
0.0001556420233463035,0.0333569907735983
0.0001556420233463035,0.035486160397444996
0.0001556420233463035,0.035770049680624555
0.0001556420233463035,0.03647977288857346
0.0001556420233463035,0.03676366217175302
0.0001556420233463035,0.03775727466288148
0.0001556420233463035,0.03804116394606104
0.0001556420233463035,0.043151171043293114
0.0001556420233463035,0.04343506032647267
0.0001556420233463035,0.044144783534421576
0.0001556420233463035,0.044428672817601135
0.0001556420233463035,0.04513839602555004
0.0001556420233463035,0.0454222853087296
0.0001556420233463035,0.04655784244144784
0.0001556420233463035,0.0468417317246274
0.0001556420233463035,0.04797728885734563
0.0001556420233463035,0.0482611781405252
0.0001556420233463035,0.048545067423704756
0.0001556420233463035,0.048828956706884315
0.0001556420233463035,0.051525904897090136
0.0001556420233463035,0.051809794180269694
0.0001556420233463035,0.05535841022001419
0.0001556420233463035,0.05564229950319376
0.0001556420233463035,0.05777146912704045
0.0001556420233463035,0.05805535841022001
0.0001556420233463035,0.060042583392476936
0.0001556420233463035,0.060326472675656495
0.0001556420233463035,0.06217175301632363
0.0001556420233463035,0.06245564229950319
0.0001556420233463035,0.06302342086586231
0.0001556420233463035,0.06330731014904187
0.0001556420233463035,0.063875088715401
0.0001556420233463035,0.06415897799858056
0.0001556420233463035,0.06430092264017033
0.0001556420233463035,0.06458481192334989
0.0001556420233463035,0.06557842441447835
0.0001556420233463035,0.06586231369765791
0.0001556420233463035,0.06742370475514549
0.0001556420233463035,0.06770759403832505
0.0001556420233463035,0.0708303761533002
0.0001556420233463035,0.07111426543647978
0.0001556420233463035,0.07196593328601845
0.0001556420233463035,0.07224982256919801
0.0001556420233463035,0.07295954577714692
0.0001556420233463035,0.07324343506032648
0.0001556420233463035,0.07636621717530163
0.0001556420233463035,0.0766501064584812
0.0001556420233463035,0.07906316536550745
0.0001556420233463035,0.07934705464868701
0.0001556420233463035,0.08076650106458481
0.0001556420233463035,0.08119233498935415
0.0001556420233463035,0.09027679205110008
0.0001556420233463035,0.09056068133427964
0.0001556420233463035,0.09155429382540808
0.0001556420233463035,0.09183818310858766
0.0001556420233463035,0.09240596167494677
0.0001556420233463035,0.09268985095812633
0.0001556420233463035,0.09339957416607524
0.0001556420233463035,0.09396735273243435
0.0001556420233463035,0.09723207948899928
0.0001556420233463035,0.09751596877217886
0.0001556420233463035,0.09794180269694819
0.0001556420233463035,0.09822569198012775
0.0001556420233463035,0.10049680624556423
0.0001556420233463035,0.10078069552874379
0.0001556420233463035,0.10262597586941093
0.0001556420233463035,0.10290986515259049
0.0001556420233463035,0.10560681334279631
0.0001556420233463035,0.10589070262597587
0.0001556420233463035,0.1070262597586941
0.0001556420233463035,0.10731014904187366
0.0001556420233463035,0.10745209368346345
0.0001556420233463035,0.10773598296664301
0.0001556420233463035,0.11100070972320795
0.0001556420233463035,0.11128459900638751
0.0001556420233463035,0.11171043293115684
0.0001556420233463035,0.1119943222143364
0.0001556420233463035,0.11383960255500356
0.0001556420233463035,0.11412349183818311
0.0001556420233463035,0.114833215046132
0.0001556420233463035,0.11511710432931156
0.0001556420233463035,0.12022711142654365
0.0001556420233463035,0.1205110007097232
0.0001556420233463035,0.12065294535131299
0.0001556420233463035,0.12093683463449255
0.0001556420233463035,0.1261887863733144
0.0001556420233463035,0.12647267565649398
0.0001556420233463035,0.12718239886444288
0.0001556420233463035,0.127750177430802
0.0001556420233463035,0.12831795599716112
0.0001556420233463035,0.12860184528034066
0.0001556420233463035,0.13243435060326472
0.0001556420233463035,0.1327182398864443
0.0001556420233463035,0.13286018452803405
0.0001556420233463035,0.13314407381121363
0.0001556420233463035,0.13442157558552165
0.0001556420233463035,0.13470546486870122
0.0001556420233463035,0.13669268985095812
0.0001556420233463035,0.1369765791341377
0.0001556420233463035,0.13853797019162525
0.0001556420233463035,0.1389638041163946
0.0001556420233463035,0.14024130589070263
0.0001556420233463035,0.14052519517388218
0.0001556420233463035,0.1410929737402413
0.0001556420233463035,0.14137686302342087
0.0001556420233463035,0.14208658623136977
0.0001556420233463035,0.14237047551454932
0.0001556420233463035,0.14308019872249822
0.000311284046692607,0.14308019872249822
0.000311284046692607,0.14350603264726758
0.000311284046692607,0.14378992193044712
0.000311284046692607,0.1439318665720369
0.000311284046692607,0.14421575585521645
0.000311284046692607,0.14861603974449963
0.000311284046692607,0.1488999290276792
0.000311284046692607,0.1524485450674237
0.000311284046692607,0.15273243435060327
0.000311284046692607,0.15429382540809083
0.000311284046692607,0.1545777146912704
0.000311284046692607,0.15642299503193755
0.000311284046692607,0.15670688431511712
0.000311284046692607,0.15684882895670688
0.000311284046692607,0.15713271823988645
0.000311284046692607,0.1589779985805536
0.000311284046692607,0.15926188786373313
0.000311284046692607,0.1609652235628105
0.000311284046692607,0.16124911284599006
0.000311284046692607,0.16167494677075941
0.000311284046692607,0.16195883605393896
0.000311284046692607,0.16252661462029808
0.000311284046692607,0.16281050390347765
0.000311284046692607,0.1630943931866572
0.000311284046692607,0.1636621717530163
0.000311284046692607,0.16394606103619588
0.000311284046692607,0.16408800567778567
0.000311284046692607,0.16437189496096521
0.000311284046692607,0.16650106458481193
0.000311284046692607,0.16678495386799147
0.000311284046692607,0.16763662171753016
0.000311284046692607,0.16792051100070973
0.000311284046692607,0.16863023420865864
0.000311284046692607,0.16891412349183818
0.000311284046692607,0.1723207948899929
0.000311284046692607,0.17260468417317246
0.000311284046692607,0.1760113555713272
0.000311284046692607,0.17629524485450673
0.000311284046692607,0.17842441447835344
0.000311284046692607,0.17899219304471256
0.000311284046692607,0.179985805535841
0.000311284046692607,0.18026969481902058
0.000311284046692607,0.1816891412349184
0.000311284046692607,0.18197303051809793
0.000311284046692607,0.18211497515968772
0.000311284046692607,0.1823988644428673
0.000311284046692607,0.18310858765081617
0.000311284046692607,0.18353442157558553
0.000311284046692607,0.18495386799148333
0.000311284046692607,0.18523775727466288
0.000311284046692607,0.18608942512420157
0.000311284046692607,0.1863733144073811
0.000311284046692607,0.19119943222143365
0.000311284046692607,0.1914833215046132
0.000311284046692607,0.19162526614620298
0.000311284046692607,0.1920511000709723
0.000311284046692607,0.1992902767920511
0.000311284046692607,0.19957416607523065
0.000311284046692607,0.2049680624556423
0.000311284046692607,0.20525195173882185
0.000311284046692607,0.20581973030518097
0.000311284046692607,0.20610361958836054
0.000311284046692607,0.20695528743789923
0.000311284046692607,0.20809084457061747
0.000311284046692607,0.21078779276082327
0.000311284046692607,0.21107168204400284
0.000311284046692607,0.2149041873669269
0.000311284046692607,0.21518807665010645
0.000311284046692607,0.2156139105748758
0.000311284046692607,0.21589779985805535
0.000311284046692607,0.21802696948190206
0.000311284046692607,0.2183108587650816
0.000311284046692607,0.22356281050390348
0.000311284046692607,0.22384669978708305
0.000311284046692607,0.2239886444286728
0.000311284046692607,0.22427253371185238
0.000311284046692607,0.2269694819020582
0.000311284046692607,0.22725337118523775
0.000311284046692607,0.22867281760113556
0.000311284046692607,0.22924059616749468
0.000311284046692607,0.22952448545067425
0.000311284046692607,0.2298083747338538
0.000311284046692607,0.2312278211497516
0.000311284046692607,0.23151171043293114
0.000311284046692607,0.23222143364088005
0.000311284046692607,0.23250532292405962
0.000311284046692607,0.23506032647267566
0.000311284046692607,0.2353442157558552
0.000311284046692607,0.23633782824698368
0.000311284046692607,0.23662171753016323
0.000311284046692607,0.23733144073811213
0.000311284046692607,0.2376153300212917
0.000311284046692607,0.23846699787083037
0.000311284046692607,0.23875088715400994
0.000311284046692607,0.24088005677785665
0.000311284046692607,0.2411639460610362
0.000311284046692607,0.24201561391057488
0.000311284046692607,0.24229950319375443
0.000311284046692607,0.24315117104329312
0.0004669260700389105,0.24315117104329312
0.0004669260700389105,0.24343506032647266
0.0004669260700389105,0.24442867281760114
0.0004669260700389105,0.24471256210078068
0.0004669260700389105,0.24485450674237047
0.0004669260700389105,0.24513839602555004
0.0004669260700389105,0.24528034066713983
0.0004669260700389105,0.24556422995031937
0.0004669260700389105,0.2466997870830376
0.0004669260700389105,0.24698367636621718
0.0004669260700389105,0.248403122782115
0.0004669260700389105,0.24868701206529453
0.0004669260700389105,0.24953867991483322
0.0004669260700389105,0.24982256919801277
0.0004669260700389105,0.2511000709723208
0.0004669260700389105,0.25138396025550036
0.0004669260700389105,0.2523775727466288
0.0004669260700389105,0.2526614620298084
0.0004669260700389105,0.2539389638041164
0.0004669260700389105,0.254222853087296
0.0004669260700389105,0.25436479772888576
0.0004669260700389105,0.2546486870120653
0.0004669260700389105,0.255500354861604
0.0004669260700389105,0.2557842441447835
0.0004669260700389105,0.25975869410929736
0.0004669260700389105,0.26004258339247693
0.0004669260700389105,0.262597586941093
0.0004669260700389105,0.26288147622427255
0.0004669260700389105,0.2631653655074521
0.0004669260700389105,0.26344925479063164
0.0004669260700389105,0.26628814762242725
0.0004669260700389105,0.2665720369056068
0.0004669260700389105,0.2675656493967353
0.0004669260700389105,0.26784953867991484
0.0004669260700389105,0.26799148332150463
0.0004669260700389105,0.26827537260468415
0.0004669260700389105,0.2688431511710433
0.0004669260700389105,0.26912704045422287
0.0004669260700389105,0.26941092973740244
0.0004669260700389105,0.26969481902058196
0.0004669260700389105,0.27125621007806955
0.0004669260700389105,0.2715400993612491
0.0004669260700389105,0.2716820440028389
0.0004669260700389105,0.2719659332860185
0.0004669260700389105,0.272249822569198
0.0004669260700389105,0.27253371185237757
0.0004669260700389105,0.27423704755145495
0.0004669260700389105,0.27466288147622425
0.0004669260700389105,0.2765081618168914
0.0004669260700389105,0.276792051100071
0.0004669260700389105,0.2787792760823279
0.0004669260700389105,0.27906316536550746
0.0004669260700389105,0.28119233498935414
0.0004669260700389105,0.2814762242725337
0.0004669260700389105,0.2836053938963804
0.0004669260700389105,0.28388928317955997
0.0004669260700389105,0.2853087295954578
0.0004669260700389105,0.28559261887863735
0.0004669260700389105,0.28899929027679205
0.0004669260700389105,0.2892831795599716
0.0004669260700389105,0.2898509581263307
0.0004669260700389105,0.2901348474095103
0.0004669260700389105,0.2912704045422285
0.0004669260700389105,0.2915542938254081
0.0004669260700389105,0.2928317955997161
0.0004669260700389105,0.2931156848828957
0.0004669260700389105,0.29751596877217884
0.0004669260700389105,0.2977998580553584
0.0004669260700389105,0.29879347054648686
0.0004669260700389105,0.29907735982966643
0.0004669260700389105,0.2996451383960255
0.0004669260700389105,0.2999290276792051
0.0004669260700389105,0.30205819730305183
0.0004669260700389105,0.30234208658623135
0.0004669260700389105,0.30361958836053937
0.0004669260700389105,0.30390347764371894
0.0004669260700389105,0.3061745919091554
0.000622568093385214,0.3061745919091554
0.000622568093385214,0.3105748757984386
0.000622568093385214,0.3108587650816182
0.000622568093385214,0.3110007097232079
0.000622568093385214,0.31185237757274664
0.000622568093385214,0.3144073811213627
0.000622568093385214,0.31469127040454226
0.000622568093385214,0.3155429382540809
0.000622568093385214,0.31611071682044
0.000622568093385214,0.3171043293115685
0.000622568093385214,0.31738821859474803
0.000622568093385214,0.3178140525195174
0.000622568093385214,0.31838183108587653
0.000622568093385214,0.31994322214336407
0.000622568093385214,0.32022711142654364
0.000622568093385214,0.3205110007097232
0.000622568093385214,0.3207948899929028
0.000622568093385214,0.32178850248403124
0.000622568093385214,0.3220723917672108
0.000622568093385214,0.3239176721078779
0.000622568093385214,0.3242015613910575
0.000622568093385214,0.3253371185237757
0.000622568093385214,0.3256210078069553
0.000622568093385214,0.3257629524485451
0.000622568093385214,0.3260468417317246
0.000622568093385214,0.32987934705464866
0.000622568093385214,0.33016323633782824
0.000622568093385214,0.33087295954577717
0.000622568093385214,0.3311568488289567
0.000622568093385214,0.3354151880766501
0.000622568093385214,0.3356990773598297
0.000622568093385214,0.3389638041163946
0.000622568093385214,0.33924769339957417
0.000622568093385214,0.34194464158978
0.000622568093385214,0.34222853087295957
0.000622568093385214,0.3423704755145493
0.000622568093385214,0.34265436479772887
0.000622568093385214,0.3437899219304471
0.000622568093385214,0.3440738112136267
0.000622568093385214,0.3452093683463449
0.000622568093385214,0.3454932576295245
0.000622568093385214,0.3487579843860894
0.000622568093385214,0.349041873669269
0.000622568093385214,0.3524485450674237
0.000622568093385214,0.35273243435060325
0.000622568093385214,0.3551454932576295
0.000622568093385214,0.3554293825408091
0.000622568093385214,0.35571327182398865
0.000622568093385214,0.3559971611071682
0.000622568093385214,0.35784244144783534
0.000622568093385214,0.3581263307310149
0.000622568093385214,0.35926188786373314
0.000622568093385214,0.3595457771469127
0.000622568093385214,0.3609652235628105
0.000622568093385214,0.36124911284599004
0.000622568093385214,0.3633782824698368
0.000622568093385214,0.36366217175301635
0.000622568093385214,0.3653655074520937
0.000622568093385214,0.36564939673527325
0.000622568093385214,0.3660752306600426
0.000622568093385214,0.3663591199432221
0.000622568093385214,0.3673527324343506
0.000622568093385214,0.36763662171753014
0.000622568093385214,0.3680624556422995
0.000622568093385214,0.3683463449254791
0.000622568093385214,0.36848828956706886
0.000622568093385214,0.3687721788502484
0.000622568093385214,0.36891412349183816
0.000622568093385214,0.36919801277501774
0.000622568093385214,0.37033356990773597
0.000622568093385214,0.3709013484740951
0.000622568093385214,0.3714691270404542
0.000622568093385214,0.3717530163236338
0.0007782101167315176,0.3717530163236338
0.0007782101167315176,0.3743080198722498
0.0007782101167315176,0.3745919091554294
0.0007782101167315176,0.38523775727466286
0.0007782101167315176,0.38552164655784243
0.0007782101167315176,0.38623136976579137
0.0007782101167315176,0.3865152590489709
0.0007782101167315176,0.38694109297374024
0.0007782101167315176,0.3872249822569198
0.0007782101167315176,0.3880766501064585
0.0007782101167315176,0.38836053938963805
0.0007782101167315176,0.3894960965223563
0.0007782101167315176,0.38977998580553586
0.0007782101167315176,0.394180269694819
0.0007782101167315176,0.3944641589779986
0.0007782101167315176,0.39545777146912703
0.0007782101167315176,0.3957416607523066
0.0007782101167315176,0.39616749467707596
0.0007782101167315176,0.3964513839602555
0.0007782101167315176,0.3977288857345635
0.0007782101167315176,0.39801277501774307
0.0007782101167315176,0.39815471965933286
0.0007782101167315176,0.39843860894251243
0.0007782101167315176,0.40099361249112847
0.000933852140077821,0.40099361249112847
0.000933852140077821,0.40312278211497515
0.000933852140077821,0.4034066713981547
0.000933852140077821,0.41107168204400285
0.000933852140077821,0.41163946061036194
0.000933852140077821,0.41234918381831087
0.000933852140077821,0.41263307310149044
0.000933852140077821,0.414194464158978
0.000933852140077821,0.41447835344215755
0.000933852140077821,0.41462029808374734
0.000933852140077821,0.4149041873669269
0.000933852140077821,0.4183108587650816
0.000933852140077821,0.4185947480482612
0.000933852140077821,0.4202980837473385
0.000933852140077821,0.4205819730305181
0.000933852140077821,0.42242725337118525
0.000933852140077821,0.4232789212207239
0.000933852140077821,0.42427253371185236
0.000933852140077821,0.42455642299503193
0.000933852140077821,0.42611781405251953
0.0010894941634241246,0.42611781405251953
0.0010894941634241246,0.42725337118523776
0.0010894941634241246,0.42753726046841733
0.0010894941634241246,0.4276792051100071
0.0010894941634241246,0.42796309439318664
0.0010894941634241246,0.4313697657913414
0.0010894941634241246,0.4316536550745209
0.0010894941634241246,0.43236337828246985
0.0010894941634241246,0.4326472675656494
0.0010894941634241246,0.4330731014904187
0.0010894941634241246,0.4333569907735983
0.0010894941634241246,0.43406671398154717
0.0010894941634241246,0.43435060326472674
0.0010894941634241246,0.4349183818310859
0.0010894941634241246,0.435486160397445
0.0010894941634241246,0.4361958836053939
0.0010894941634241246,0.4364797728885735
0.0010894941634241246,0.4369056068133428
0.0010894941634241246,0.43718949609652236
0.0010894941634241246,0.4377572746628815
0.0010894941634241246,0.4383250532292406
0.0010894941634241246,0.4424414478353442
0.0010894941634241246,0.4427253371185238
0.0010894941634241246,0.4440028388928318
0.0010894941634241246,0.44428672817601134
0.0010894941634241246,0.4447125621007807
0.0010894941634241246,0.44499645138396027
0.0010894941634241246,0.4459900638750887
0.0010894941634241246,0.4462739531582683
0.0010894941634241246,0.4466997870830376
0.0010894941634241246,0.44698367636621716
0.0010894941634241246,0.4481192334989354
0.0010894941634241246,0.44840312278211497
0.0010894941634241246,0.4498225691980128
0.0010894941634241246,0.45010645848119235
0.0010894941634241246,0.4511000709723208
0.0010894941634241246,0.45138396025550037
0.0010894941634241246,0.4526614620298084
0.0010894941634241246,0.4529453513129879
0.0010894941634241246,0.45677785663591197
0.0010894941634241246,0.45706174591909154
0.0010894941634241246,0.45833924769339957
0.0010894941634241246,0.45862313697657914
0.0010894941634241246,0.46146202980837475
0.0010894941634241246,0.46202980837473384
0.0010894941634241246,0.4621717530163236
0.0010894941634241246,0.4627395315826828
0.0010894941634241246,0.4661462029808375
0.0010894941634241246,0.46643009226401705
0.0010894941634241246,0.46657203690560684
0.0010894941634241246,0.4671398154719659
0.0010894941634241246,0.4708303761533002
0.0010894941634241246,0.4711142654364798
0.0010894941634241246,0.4716820440028389
0.0010894941634241246,0.47196593328601844
0.0010894941634241246,0.4745209368346345
0.0010894941634241246,0.47480482611781405
0.0010894941634241246,0.47494677075940384
0.0010894941634241246,0.4752306600425834
0.0010894941634241246,0.47608232789212207
0.0010894941634241246,0.47636621717530164
0.0010894941634241246,0.47679205110007095
0.0010894941634241246,0.4770759403832505
0.0010894941634241246,0.47778566359119945
0.001245136186770428,0.47778566359119945
0.001245136186770428,0.47835344215755854
0.001245136186770428,0.4786373314407381
0.001245136186770428,0.4807665010645848
0.0014007782101167316,0.4807665010645848
0.0014007782101167316,0.48105039034776437
0.0014007782101167316,0.48133427963094394
0.0014007782101167316,0.485166784953868
0.0014007782101167316,0.4854506742370476
0.0014007782101167316,0.4858765081618169
0.0014007782101167316,0.48616039744499645
0.0014007782101167316,0.48757984386089426
0.0015564202334630351,0.48757984386089426
0.0015564202334630351,0.48786373314407383
0.0015564202334630351,0.48814762242725335
0.0015564202334630351,0.49041873669268987
0.0015564202334630351,0.4907026259758694
0.0015564202334630351,0.49268985095812634
0.0015564202334630351,0.4929737402413059
0.0015564202334630351,0.49467707594038324
0.0015564202334630351,0.4949609652235628
0.0015564202334630351,0.49595457771469126
0.0015564202334630351,0.49623846699787083
0.0015564202334630351,0.4977998580553584
0.0015564202334630351,0.498083747338538
0.0015564202334630351,0.499361249112846
0.0015564202334630351,0.49964513839602553
0.0015564202334630351,0.5009226401703336
0.0015564202334630351,0.5012065294535132
0.0015564202334630351,0.501916252661462
0.0015564202334630351,0.5022001419446416
0.0015564202334630351,0.5029098651525905
0.0015564202334630351,0.5031937544357701
0.0015564202334630351,0.5033356990773599
0.0015564202334630351,0.5036195883605394
0.0015564202334630351,0.5039034776437189
0.0015564202334630351,0.5041873669268985
0.0015564202334630351,0.5056068133427963
0.0015564202334630351,0.5058907026259759
0.0015564202334630351,0.5088715400993612
0.0015564202334630351,0.5092973740241306
0.0015564202334630351,0.5127040454222853
0.0015564202334630351,0.5129879347054649
0.0015564202334630351,0.5141234918381831
0.0015564202334630351,0.5144073811213626
0.0015564202334630351,0.5158268275372605
0.0015564202334630351,0.5161107168204401
0.0015564202334630351,0.5195173882185947
0.0015564202334630351,0.5198012775017743
0.0015564202334630351,0.5253371185237757
0.0015564202334630351,0.5256210078069553
0.0015564202334630351,0.5287437899219305
0.0017120622568093384,0.5287437899219305
0.0017120622568093384,0.5291696238466997
0.0017120622568093384,0.5294535131298793
0.0017120622568093384,0.5330021291696239
0.001867704280155642,0.5330021291696239
0.001867704280155642,0.5331440738112136
0.001867704280155642,0.5334279630943932
0.001867704280155642,0.5338537970191626
0.001867704280155642,0.534137686302342
0.001867704280155642,0.5413768630234209
0.001867704280155642,0.5416607523066004
0.001867704280155642,0.5420865862313697
0.001867704280155642,0.5423704755145493
0.001867704280155642,0.5462029808374734
0.001867704280155642,0.5464868701206529
0.001867704280155642,0.5504613200851668
0.001867704280155642,0.5507452093683464
0.0020233463035019454,0.5507452093683464
0.0020233463035019454,0.553584102200142
0.0020233463035019454,0.5538679914833216
0.0020233463035019454,0.5552874378992193
0.0020233463035019454,0.5555713271823989
0.0020233463035019454,0.5594038325053229
0.0020233463035019454,0.559971611071682
0.0020233463035019454,0.5623846699787083
0.002178988326848249,0.5623846699787083
0.002178988326848249,0.5626685592618879
0.002178988326848249,0.5629524485450674
0.002178988326848249,0.5643718949609652
0.002178988326848249,0.5649396735273243
0.002178988326848249,0.5655074520936835
0.0023346303501945525,0.5655074520936835
0.0023346303501945525,0.5659332860184528
0.0023346303501945525,0.5662171753016324
0.0023346303501945525,0.569056068133428
0.0026459143968871595,0.569056068133428
0.0026459143968871595,0.5709013484740951
0.0028015564202334632,0.5709013484740951
0.0028015564202334632,0.5711852377572747
0.0028015564202334632,0.5720369056068133
0.0028015564202334632,0.5723207948899929
0.0028015564202334632,0.5734563520227112
0.0028015564202334632,0.5737402413058907
0.0028015564202334632,0.5772888573456352
0.0028015564202334632,0.5775727466288147
0.0028015564202334632,0.5785663591199433
0.0028015564202334632,0.5788502484031228
0.0028015564202334632,0.5802696948190206
0.0028015564202334632,0.5805535841022001
0.0028015564202334632,0.5856635911994322
0.0028015564202334632,0.5859474804826118
0.0028015564202334632,0.5867991483321504
0.0028015564202334632,0.5873669268985096
0.0028015564202334632,0.5879347054648687
0.0028015564202334632,0.5882185947480483
0.0028015564202334632,0.5913413768630235
0.0028015564202334632,0.591625266146203
0.0028015564202334632,0.5917672107877927
0.0028015564202334632,0.5920511000709723
0.0028015564202334632,0.5930447125621008
0.0028015564202334632,0.5933286018452804
0.0028015564202334632,0.5951738821859475
0.0028015564202334632,0.595457771469127
0.0028015564202334632,0.5973030518097941
0.0028015564202334632,0.5975869410929737
0.0028015564202334632,0.5977288857345635
0.0028015564202334632,0.5980127750177431
0.0028015564202334632,0.5994322214336408
0.0028015564202334632,0.5997161107168204
0.0028015564202334632,0.6009936124911285
0.0028015564202334632,0.601277501774308
0.0028015564202334632,0.6022711142654364
0.0028015564202334632,0.6028388928317956
0.0028015564202334632,0.6044002838892831
0.0028015564202334632,0.6046841731724627
0.0028015564202334632,0.6056777856635912
0.0029571984435797665,0.6056777856635912
0.0029571984435797665,0.6065294535131299
0.0029571984435797665,0.6068133427963094
0.0029571984435797665,0.6103619588360539
0.0029571984435797665,0.6109297374024131
0.0029571984435797665,0.614194464158978
0.0029571984435797665,0.6144783534421575
0.0029571984435797665,0.6151880766501064
0.0029571984435797665,0.615471965933286
0.0029571984435797665,0.6190205819730306
0.0029571984435797665,0.6195883605393896
0.0029571984435797665,0.6198722498225692
0.0029571984435797665,0.6222853087295954
0.0029571984435797665,0.622569198012775
0.0029571984435797665,0.6241305890702626
0.0029571984435797665,0.6244144783534421
0.0029571984435797665,0.6249822569198012
0.0029571984435797665,0.6252661462029808
0.0029571984435797665,0.6275372604684173
0.0029571984435797665,0.6278211497515969
0.0029571984435797665,0.6306600425833925
0.0029571984435797665,0.630943931866572
0.0029571984435797665,0.6334989354151881
0.0031128404669260703,0.6336408800567779
0.0031128404669260703,0.6350603264726756
0.0031128404669260703,0.6353442157558552
0.0031128404669260703,0.635486160397445
0.0031128404669260703,0.6357700496806246
0.0031128404669260703,0.6361958836053939
0.0031128404669260703,0.6364797728885735
0.0031128404669260703,0.6614620298083748
0.0031128404669260703,0.6617459190915543
0.0031128404669260703,0.6627395315826827
0.0031128404669260703,0.6633073101490419
0.0031128404669260703,0.665152590489709
0.0031128404669260703,0.6654364797728886
0.0031128404669260703,0.6671398154719659
0.0031128404669260703,0.6674237047551455
0.0031128404669260703,0.6719659332860185
0.0031128404669260703,0.672249822569198
0.0031128404669260703,0.6729595457771469
0.0031128404669260703,0.673527324343506
0.0031128404669260703,0.6749467707594038
0.0031128404669260703,0.6752306600425834
0.0031128404669260703,0.6787792760823279
0.0031128404669260703,0.6790631653655075
0.0031128404669260703,0.6804826117814052
0.0031128404669260703,0.6807665010645848
0.0031128404669260703,0.6845990063875089
0.0031128404669260703,0.6848828956706884
0.0031128404669260703,0.6928317955997161
0.0031128404669260703,0.6931156848828957
0.0031128404669260703,0.6963804116394606
0.0031128404669260703,0.6966643009226402
0.0031128404669260703,0.6999290276792051
0.0032684824902723736,0.7000709723207948
0.0032684824902723736,0.7004968062455642
0.0032684824902723736,0.7007806955287438
0.0032684824902723736,0.7012065294535131
0.0032684824902723736,0.7014904187366927
0.0032684824902723736,0.7029098651525905
0.0032684824902723736,0.70319375443577
0.0032684824902723736,0.7075940383250532
0.0032684824902723736,0.7078779276082328
0.0032684824902723736,0.7098651525904897
0.0032684824902723736,0.7101490418736692
0.0032684824902723736,0.7146912704045423
0.0032684824902723736,0.7149751596877217
0.0032684824902723736,0.7158268275372605
0.0032684824902723736,0.71611071682044
0.0032684824902723736,0.7171043293115685
0.0032684824902723736,0.717388218594748
0.0032684824902723736,0.7242015613910575
0.0032684824902723736,0.7244854506742371
0.0032684824902723736,0.7246273953158269
0.0032684824902723736,0.7249112845990063
0.0032684824902723736,0.725762952448545
0.0032684824902723736,0.7260468417317246
0.0032684824902723736,0.7267565649396736
0.003424124513618677,0.7267565649396736
0.003424124513618677,0.729737402413059
0.003424124513618677,0.7300212916962384
0.003424124513618677,0.7376863023420865
0.003424124513618677,0.7379701916252661
0.003424124513618677,0.7389638041163946
0.0035797665369649806,0.7389638041163946
0.0035797665369649806,0.739957416607523
0.003735408560311284,0.739957416607523
0.003735408560311284,0.7433640880056778
0.003735408560311284,0.7436479772888573
0.003735408560311284,0.7437899219304471
0.003735408560311284,0.7442157558552165
0.003735408560311284,0.7449254790631654
0.003735408560311284,0.7452093683463449
0.003735408560311284,0.7463449254790632
0.003735408560311284,0.7466288147622427
0.003735408560311284,0.7474804826117815
0.0038910505836575876,0.7477643718949609
0.0038910505836575876,0.7524485450674238
0.0038910505836575876,0.7527324343506032
0.0038910505836575876,0.7557132718239886
0.0038910505836575876,0.7559971611071682
0.0038910505836575876,0.756139105748758
0.004046692607003891,0.756139105748758
0.004046692607003891,0.7565649396735273
0.004046692607003891,0.7568488289567069
0.004046692607003891,0.757416607523066
0.004202334630350194,0.757416607523066
0.004202334630350194,0.7592618878637332
0.004357976653696498,0.7592618878637332
0.004357976653696498,0.7596877217885025
0.004513618677042802,0.7596877217885025
0.004513618677042802,0.7603974449964513
0.004669260700389105,0.7603974449964513
0.004669260700389105,0.7612491128459901
0.004669260700389105,0.7615330021291696
0.004669260700389105,0.7618168914123492
0.004669260700389105,0.7621007806955288
0.004669260700389105,0.7623846699787084
0.004824902723735408,0.7623846699787084
0.004824902723735408,0.7626685592618878
0.004824902723735408,0.7629524485450674
0.004824902723735408,0.7633782824698367
0.004980544747081712,0.7633782824698367
0.004980544747081712,0.7638041163946061
0.004980544747081712,0.7640880056777857
0.004980544747081712,0.7682044002838893
0.004980544747081712,0.7684882895670688
0.004980544747081712,0.7687721788502484
0.004980544747081712,0.7693399574166075
0.004980544747081712,0.7709013484740951
0.005136186770428016,0.7709013484740951
0.005136186770428016,0.771611071682044
0.005136186770428016,0.7718949609652236
0.005136186770428016,0.7740241305890703
0.005136186770428016,0.7743080198722498
0.005136186770428016,0.7745919091554294
0.005291828793774319,0.7745919091554294
0.005291828793774319,0.7770049680624557
0.005447470817120622,0.7770049680624557
0.005447470817120622,0.7777146912704045
0.005447470817120622,0.7779985805535841
0.0056031128404669265,0.7779985805535841
0.0056031128404669265,0.7799858055358411
0.0056031128404669265,0.7802696948190205
0.0056031128404669265,0.781263307310149
0.0056031128404669265,0.7815471965933286
0.0056031128404669265,0.7818310858765082
0.0056031128404669265,0.7821149751596878
0.0056031128404669265,0.7822569198012775
0.0056031128404669265,0.7825408090844571
0.0056031128404669265,0.784528034066714
0.0056031128404669265,0.7850958126330732
0.0056031128404669265,0.7879347054648687
0.00575875486381323,0.7879347054648687
0.00575875486381323,0.7885024840312278
0.00575875486381323,0.7887863733144074
0.00575875486381323,0.792902767920511
0.00575875486381323,0.7931866572036905
0.00575875486381323,0.7938963804116395
0.00575875486381323,0.794180269694819
0.00575875486381323,0.7961674946770759
0.00575875486381323,0.7965933286018453
0.00575875486381323,0.7967352732434351
0.005914396887159533,0.7967352732434351
0.005914396887159533,0.7970191625266146
0.005914396887159533,0.8001419446415898
0.0062256809338521405,0.8001419446415898
0.0062256809338521405,0.8002838892831795
0.0062256809338521405,0.8005677785663591
0.0062256809338521405,0.8031227821149751
0.0062256809338521405,0.8036905606813343
0.0062256809338521405,0.8049680624556423
0.0062256809338521405,0.8052519517388219
0.0062256809338521405,0.8076650106458482
0.0062256809338521405,0.8079488999290276
0.0062256809338521405,0.8080908445706174
0.0062256809338521405,0.808374733853797
0.006381322957198444,0.808374733853797
0.006381322957198444,0.8100780695528744
0.006536964980544747,0.8100780695528744
0.006536964980544747,0.8106458481192335
0.006536964980544747,0.810929737402413
0.006536964980544747,0.8113555713271824
0.006536964980544747,0.811639460610362
0.006536964980544747,0.8117814052519517
0.006536964980544747,0.8123491838183109
0.006536964980544747,0.8126330731014905
0.006536964980544747,0.8129169623846699
0.006536964980544747,0.8136266855926189
0.006536964980544747,0.8139105748757984
0.006536964980544747,0.8144783534421576
0.006536964980544747,0.8147622427253371
0.006536964980544747,0.8160397444996451
0.00669260700389105,0.8160397444996451
0.00669260700389105,0.8166075230660043
0.006848249027237354,0.8166075230660043
0.006848249027237354,0.8168914123491838
0.007003891050583658,0.8168914123491838
0.007003891050583658,0.8171753016323634
0.007003891050583658,0.817459190915543
0.007003891050583658,0.8177430801987225
0.007003891050583658,0.818026969481902
0.007003891050583658,0.8191625266146203
0.007003891050583658,0.8194464158977999
0.007003891050583658,0.8195883605393897
0.007003891050583658,0.8198722498225692
0.007003891050583658,0.8202980837473386
0.007159533073929961,0.8202980837473386
0.007159533073929961,0.8221433640880057
0.007159533073929961,0.8224272533711853
0.007470817120622568,0.8224272533711853
0.007470817120622568,0.8225691980127751
0.007626459143968872,0.8225691980127751
0.007626459143968872,0.8239886444286728
0.007782101167315175,0.8239886444286728
0.007782101167315175,0.8242725337118524
0.007782101167315175,0.824556422995032
0.007782101167315175,0.8248403122782115
0.007782101167315175,0.8251242015613911
0.007782101167315175,0.8254080908445706
0.007782101167315175,0.8258339247693399
0.007782101167315175,0.8262597586941093
0.007782101167315175,0.8265436479772889
0.007782101167315175,0.827111426543648
0.007782101167315175,0.8273953158268276
0.007782101167315175,0.8276792051100071
0.008093385214007782,0.8276792051100071
0.008093385214007782,0.8282469836763662
0.008404669260700388,0.8282469836763662
0.008404669260700388,0.8290986515259049
0.008560311284046693,0.8290986515259049
0.008560311284046693,0.8300922640170334
0.008715953307392997,0.8300922640170334
0.008715953307392997,0.8306600425833924
0.0088715953307393,0.8306600425833924
0.0088715953307393,0.830943931866572
0.0088715953307393,0.8312278211497516
0.0088715953307393,0.8323633782824699
0.0088715953307393,0.8326472675656494
0.0088715953307393,0.8332150461320085
0.009027237354085603,0.8332150461320085
0.009027237354085603,0.8344925479063166
0.009027237354085603,0.8347764371894961
0.009027237354085603,0.8359119943222143
0.009182879377431907,0.8359119943222143
0.009182879377431907,0.8364797728885734
0.00933852140077821,0.8364797728885734
0.00933852140077821,0.8369056068133428
0.00933852140077821,0.8371894960965224
0.00933852140077821,0.8376153300212917
0.00933852140077821,0.8378992193044713
0.009494163424124513,0.8378992193044713
0.009494163424124513,0.8396025550035486
0.009649805447470816,0.8396025550035486
0.009649805447470816,0.8401703335699078
0.00980544747081712,0.8401703335699078
0.00980544747081712,0.8404542228530872
0.00980544747081712,0.8408800567778566
0.009961089494163425,0.8408800567778566
0.009961089494163425,0.8410220014194464
0.009961089494163425,0.841305890702626
0.009961089494163425,0.8417317246273953
0.010116731517509728,0.8417317246273953
0.010116731517509728,0.8418736692689851
0.010116731517509728,0.8421575585521647
0.010116731517509728,0.8424414478353442
0.010272373540856031,0.8424414478353442
0.010272373540856031,0.842583392476934
0.010428015564202335,0.842583392476934
0.010428015564202335,0.8448545067423705
0.010428015564202335,0.8451383960255501
0.010428015564202335,0.8452803406671399
0.010428015564202335,0.8455642299503193
0.010428015564202335,0.8457061745919091
0.010583657587548638,0.8457061745919091
0.010583657587548638,0.8462739531582683
0.010583657587548638,0.8465578424414478
0.010739299610894941,0.8465578424414478
0.010739299610894941,0.8481192334989354
0.010894941634241245,0.8482611781405252
0.010894941634241245,0.8485450674237047
0.011050583657587548,0.8485450674237047
0.011050583657587548,0.8486870120652945
0.011050583657587548,0.8492547906316537
0.011050583657587548,0.8493967352732434
0.011206225680933853,0.8493967352732434
0.011206225680933853,0.849680624556423
0.011361867704280156,0.849680624556423
0.011361867704280156,0.8499645138396026
0.011361867704280156,0.8501064584811924
0.011361867704280156,0.850390347764372
0.011361867704280156,0.8506742370475514
0.011361867704280156,0.850958126330731
0.011361867704280156,0.8511000709723208
0.011361867704280156,0.8513839602555003
0.011361867704280156,0.8526614620298084
0.01151750972762646,0.8526614620298084
0.01151750972762646,0.8536550745209368
0.011673151750972763,0.8536550745209368
0.011673151750972763,0.8537970191625266
0.011673151750972763,0.854222853087296
0.011673151750972763,0.8546486870120653
0.011828793774319066,0.8546486870120653
0.011828793774319066,0.8549325762952449
0.01198443579766537,0.8549325762952449
0.01198443579766537,0.8559261887863733
0.012295719844357976,0.8559261887863733
0.012295719844357976,0.8586231369765791
0.012451361867704281,0.8586231369765791
0.012451361867704281,0.8594748048261178
0.012607003891050584,0.8594748048261178
0.012607003891050584,0.8607523066004258
0.012762645914396888,0.8607523066004258
0.012762645914396888,0.8611781405251951
0.012762645914396888,0.8614620298083747
0.012762645914396888,0.8616039744499645
0.012762645914396888,0.8618878637331441
0.012762645914396888,0.862597586941093
0.012762645914396888,0.8628814762242726
0.012762645914396888,0.8648687012065295
0.012918287937743191,0.8648687012065295
0.012918287937743191,0.8650106458481193
0.013073929961089494,0.8650106458481193
0.013073929961089494,0.8669978708303762
0.013073929961089494,0.8672817601135557
0.013073929961089494,0.8674237047551455
0.0133852140077821,0.8674237047551455
0.0133852140077821,0.8679914833215047
0.013540856031128404,0.8679914833215047
0.013540856031128404,0.8685592618878637
0.013696498054474707,0.8685592618878637
0.013696498054474707,0.8687012065294535
0.013696498054474707,0.8692689850958126
0.013696498054474707,0.8694109297374024
0.013696498054474707,0.869694819020582
0.013696498054474707,0.8701206529453513
0.013852140077821012,0.8701206529453513
0.013852140077821012,0.87097232079489
0.013852140077821012,0.8712562100780695
0.014007782101167316,0.8712562100780695
0.014007782101167316,0.8759403832505323
0.014163424124513619,0.8759403832505323
0.014163424124513619,0.876082327892122
0.014163424124513619,0.8765081618168914
0.014163424124513619,0.8770759403832505
0.014163424124513619,0.8773598296664301
0.014163424124513619,0.8776437189496097
0.014474708171206226,0.8776437189496097
0.014474708171206226,0.8782114975159687
0.014630350194552529,0.8782114975159687
0.014630350194552529,0.8787792760823279
0.014785992217898832,0.8787792760823279
0.014785992217898832,0.8790631653655074
0.014941634241245135,0.8790631653655074
0.014941634241245135,0.8797728885734564
0.01509727626459144,0.8797728885734564
0.01509727626459144,0.8801987224982257
0.015408560311284047,0.8801987224982257
0.015408560311284047,0.8806245564229951
0.01556420233463035,0.8806245564229951
0.01556420233463035,0.8811923349893541
0.015719844357976652,0.8811923349893541
0.015719844357976652,0.8813342796309439
0.015719844357976652,0.8816181689141235
0.015719844357976652,0.8820440028388928
0.015875486381322957,0.8820440028388928
0.015875486381322957,0.8824698367636622
0.016031128404669262,0.8824698367636622
0.016031128404669262,0.8834634492547906
0.016031128404669262,0.8837473385379702
0.016031128404669262,0.8841731724627395
0.016031128404669262,0.8844570617459191
0.016031128404669262,0.885166784953868
0.016031128404669262,0.8854506742370476
0.016031128404669262,0.8860184528034066
0.016031128404669262,0.8863023420865862
0.016031128404669262,0.886444286728176
0.016186770428015564,0.886444286728176
0.016186770428015564,0.8872959545777147
0.01634241245136187,0.8872959545777147
0.01634241245136187,0.8875798438608943
0.01634241245136187,0.8877217885024841
0.01634241245136187,0.8880056777856636
0.01634241245136187,0.8881476224272534
0.016653696498054475,0.8881476224272534
0.016653696498054475,0.8882895670688431
0.016809338521400777,0.8882895670688431
0.016809338521400777,0.8884315117104329
0.016809338521400777,0.8887154009936125
0.016809338521400777,0.8892831795599716
0.016964980544747082,0.8892831795599716
0.016964980544747082,0.8899929027679205
0.017120622568093387,0.8899929027679205
0.017120622568093387,0.8904187366926899
0.01727626459143969,0.8904187366926899
0.01727626459143969,0.8912704045422285
0.017587548638132295,0.8912704045422285
0.017587548638132295,0.8921220723917672
0.0178988326848249,0.8921220723917672
0.0178988326848249,0.8929737402413059
0.018054474708171207,0.8929737402413059
0.018054474708171207,0.8931156848828957
0.018054474708171207,0.8933995741660752
0.018054474708171207,0.8943931866572037
0.018365758754863813,0.8943931866572037
0.018365758754863813,0.8946770759403833
0.018521400778210118,0.8946770759403833
0.018521400778210118,0.894819020581973
0.01867704280155642,0.894819020581973
0.01867704280155642,0.8951029098651526
0.01867704280155642,0.8952448545067424
0.018832684824902725,0.8952448545067424
0.018832684824902725,0.8953867991483322
0.01914396887159533,0.8953867991483322
0.01914396887159533,0.8972320794889993
0.019299610894941633,0.8972320794889993
0.019299610894941633,0.8975159687721789
0.019299610894941633,0.8977998580553584
0.01961089494163424,0.8977998580553584
0.01961089494163424,0.8983676366217175
0.01961089494163424,0.898651525904897
0.01961089494163424,0.9000709723207949
0.01961089494163424,0.9003548616039745
0.020233463035019456,0.9003548616039745
0.020233463035019456,0.9007806955287437
0.020389105058365758,0.9007806955287437
0.020389105058365758,0.9013484740951029
0.020544747081712063,0.9013484740951029
0.020544747081712063,0.9014904187366927
0.020544747081712063,0.9017743080198722
0.020700389105058364,0.9017743080198722
0.020700389105058364,0.9022001419446416
0.02085603112840467,0.9022001419446416
0.02085603112840467,0.9023420865862314
0.021011673151750974,0.9023420865862314
0.021011673151750974,0.902625975869411
0.021167315175097276,0.902625975869411
0.021167315175097276,0.9027679205110007
0.021634241245136188,0.9027679205110007
0.021634241245136188,0.9030518097941803
0.021634241245136188,0.9036195883605393
0.02178988326848249,0.9036195883605393
0.02178988326848249,0.9040454222853087
0.02178988326848249,0.9043293115684883
0.02178988326848249,0.9048970901348474
0.021945525291828794,0.9048970901348474
0.021945525291828794,0.9050390347764372
0.022101167315175096,0.9050390347764372
0.022101167315175096,0.9056068133427964
0.0222568093385214,0.9056068133427964
0.0222568093385214,0.9060326472675656
0.022412451361867706,0.9060326472675656
0.022412451361867706,0.9063165365507452
0.022568093385214007,0.9063165365507452
0.022568093385214007,0.9070262597586941
0.022568093385214007,0.9073101490418737
0.022568093385214007,0.9074520936834635
0.022723735408560312,0.9074520936834635
0.022723735408560312,0.9078779276082328
0.022723735408560312,0.9081618168914124
0.022723735408560312,0.9083037615330021
0.022879377431906614,0.9083037615330021
0.022879377431906614,0.9084457061745919
0.02303501945525292,0.9084457061745919
0.02303501945525292,0.9087295954577714
0.02319066147859922,0.9087295954577714
0.02319066147859922,0.9088715400993612
0.023657587548638132,0.9088715400993612
0.023657587548638132,0.9091554293825408
0.023657587548638132,0.9097232079488999
0.024124513618677044,0.9097232079488999
0.024124513618677044,0.9100070972320795
0.024124513618677044,0.9102909865152591
0.024124513618677044,0.9104329311568489
0.024280155642023345,0.9104329311568489
0.024280155642023345,0.9105748757984387
0.02443579766536965,0.9105748757984387
0.02443579766536965,0.9112845990063875
0.02443579766536965,0.9118523775727466
0.024591439688715952,0.9118523775727466
0.024591439688715952,0.912278211497516
0.024747081712062257,0.912278211497516
0.024902723735408562,0.9124201561391058
0.02521400778210117,0.9124201561391058
0.02521400778210117,0.9127040454222853
0.02521400778210117,0.9134137686302342
0.02536964980544747,0.9134137686302342
0.02536964980544747,0.9144073811213627
0.02536964980544747,0.9146912704045422
0.02536964980544747,0.914833215046132
0.025525291828793775,0.914833215046132
0.025525291828793775,0.9152590489709014
0.025836575875486382,0.9152590489709014
0.025836575875486382,0.91611071682044
0.025992217898832683,0.91611071682044
0.025992217898832683,0.9162526614620298
0.025992217898832683,0.9165365507452093
0.02614785992217899,0.9165365507452093
0.02614785992217899,0.9175301632363378
0.026303501945525293,0.9175301632363378
0.026303501945525293,0.9178140525195174
0.026303501945525293,0.918097941802697
0.026303501945525293,0.9183818310858765
0.026303501945525293,0.9185237757274662
0.0266147859922179,0.9185237757274662
0.0266147859922179,0.9189496096522356
0.0267704280155642,0.9189496096522356
0.0267704280155642,0.9195173882185947
0.0267704280155642,0.920652945351313
0.027081712062256808,0.920652945351313
0.027081712062256808,0.9207948899929028
0.027392996108949415,0.9207948899929028
0.027392996108949415,0.9212207239176721
0.02754863813229572,0.9212207239176721
0.02754863813229572,0.9213626685592619
0.027704280155642025,0.9213626685592619
0.027704280155642025,0.9226401703335699
0.028171206225680933,0.9226401703335699
0.028171206225680933,0.9229240596167495
0.028326848249027238,0.9229240596167495
0.028326848249027238,0.9234918381831085
0.028638132295719845,0.9234918381831085
0.028638132295719845,0.9239176721078779
0.028793774319066146,0.9239176721078779
0.028793774319066146,0.9246273953158268
0.028793774319066146,0.925195173882186
0.029260700389105058,0.925195173882186
0.029260700389105058,0.9253371185237758
0.029260700389105058,0.9256210078069553
0.029260700389105058,0.9259048970901348
0.029260700389105058,0.9261887863733144
0.029416342412451363,0.9261887863733144
0.029416342412451363,0.9263307310149042
0.029416342412451363,0.9266146202980837
0.029416342412451363,0.9268985095812633
0.029416342412451363,0.9271823988644429
0.029416342412451363,0.9278921220723918
0.029571984435797664,0.9278921220723918
0.029571984435797664,0.9280340667139816
0.02972762645914397,0.9280340667139816
0.02972762645914397,0.9281760113555714
0.02972762645914397,0.9287437899219304
0.02988326848249027,0.9287437899219304
0.02988326848249027,0.9288857345635202
0.030038910505836576,0.9288857345635202
0.030038910505836576,0.9293115684882896
0.030505836575875488,0.9293115684882896
0.030505836575875488,0.9294535131298793
0.030505836575875488,0.9297374024130589
0.030817120622568094,0.9297374024130589
0.0311284046692607,0.9297374024130589
0.0311284046692607,0.9298793470546487
0.031284046692607,0.9298793470546487
0.031284046692607,0.9300212916962385
0.031439688715953304,0.9300212916962385
0.031439688715953304,0.9301632363378283
0.031439688715953304,0.9304471256210078
0.031439688715953304,0.9311568488289567
0.031439688715953304,0.9314407381121362
0.031439688715953304,0.931582682753726
0.03159533073929961,0.931582682753726
0.03159533073929961,0.9318665720369056
0.03159533073929961,0.9321504613200852
0.031906614785992216,0.9321504613200852
0.031906614785992216,0.932292405961675
0.03237354085603113,0.932292405961675
0.03237354085603113,0.9325762952448545
0.03252918287937743,0.9325762952448545
0.03252918287937743,0.9328601845280341
0.03284046692607004,0.9328601845280341
0.03284046692607004,0.9331440738112137
0.03330739299610895,0.9331440738112137
0.03330739299610895,0.9335699077359829
0.03346303501945525,0.9335699077359829
0.03346303501945525,0.9338537970191625
0.03346303501945525,0.9341376863023421
0.03377431906614786,0.9341376863023421
0.03377431906614786,0.9342796309439318
0.033929961089494164,0.9342796309439318
0.033929961089494164,0.9345635202271114
0.034241245136186774,0.9345635202271114
0.034241245136186774,0.934847409510291
0.034241245136186774,0.9351312987934706
0.034396887159533075,0.9351312987934706
0.034396887159533075,0.9352732434350604
0.03470817120622568,0.9352732434350604
0.03470817120622568,0.9356990773598297
0.03501945525291829,0.9356990773598297
0.03501945525291829,0.9359829666430092
0.03517509727626459,0.9359829666430092
0.03517509727626459,0.9362668559261887
0.0354863813229572,0.9362668559261887
0.0354863813229572,0.9364088005677785
0.0357976653696498,0.9364088005677785
0.0357976653696498,0.9376863023420866
0.03595330739299611,0.9376863023420866
0.03595330739299611,0.9379701916252662
0.03595330739299611,0.938112136266856
0.036264591439688715,0.938112136266856
0.036264591439688715,0.9385379701916252
0.036575875486381325,0.9385379701916252
0.036575875486381325,0.938679914833215
0.03688715953307393,0.938679914833215
0.03688715953307393,0.9388218594748048
0.03719844357976654,0.9388218594748048
0.03719844357976654,0.9389638041163946
0.03735408560311284,0.9389638041163946
0.03735408560311284,0.9391057487579844
0.03750972762645914,0.9391057487579844
0.03750972762645914,0.9392476933995741
0.03782101167315175,0.9392476933995741
0.03782101167315175,0.9393896380411639
0.03828793774319066,0.9393896380411639
0.03828793774319066,0.9395315826827537
0.038443579766536964,0.9395315826827537
0.038443579766536964,0.9396735273243435
0.038599221789883266,0.9396735273243435
0.038599221789883266,0.9398154719659333
0.038754863813229574,0.9398154719659333
0.038754863813229574,0.9399574166075231
0.038910505836575876,0.9399574166075231
0.038910505836575876,0.9400993612491129
0.03906614785992218,0.9400993612491129
0.03906614785992218,0.9402413058907026
0.03937743190661479,0.9402413058907026
0.03937743190661479,0.940667139815472
0.03953307392996109,0.940667139815472
0.03953307392996109,0.9408090844570618
0.04,0.9408090844570618
0.04,0.9410929737402413
0.040622568093385214,0.9410929737402413
0.040622568093385214,0.9423704755145493
0.04140077821011673,0.9423704755145493
0.04140077821011673,0.9425124201561391
0.04202334630350195,0.9425124201561391
0.04202334630350195,0.9427963094393187
0.04217898832684825,0.9427963094393187
0.04217898832684825,0.9430801987224983
0.042801556420233464,0.9430801987224983
0.042801556420233464,0.9433640880056778
0.04311284046692607,0.9433640880056778
0.04311284046692607,0.9435060326472675
0.043268482490272375,0.9435060326472675
0.043268482490272375,0.9437899219304471
0.043268482490272375,0.9443577004968062
0.04342412451361868,0.9443577004968062
0.04342412451361868,0.944499645138396
0.04357976653696498,0.944499645138396
0.04357976653696498,0.9447835344215756
0.04373540856031129,0.9447835344215756
0.04373540856031129,0.9450674237047552
0.04404669260700389,0.9450674237047552
0.04404669260700389,0.945209368346345
0.04420233463035019,0.945209368346345
0.04420233463035019,0.9453513129879347
0.0443579766536965,0.9453513129879347
0.0443579766536965,0.9454932576295245
0.045136186770428015,0.9454932576295245
0.045136186770428015,0.9457771469127041
0.045603112840466926,0.9457771469127041
0.045603112840466926,0.9460610361958836
0.04575875486381323,0.9460610361958836
0.04575875486381323,0.9462029808374733
0.04622568093385214,0.9462029808374733
0.04622568093385214,0.9464868701206529
0.04622568093385214,0.9467707594038325
0.04638132295719844,0.9467707594038325
0.04638132295719844,0.9470546486870121
0.04684824902723735,0.9470546486870121
0.04684824902723735,0.9474804826117814
0.047003891050583654,0.9474804826117814
0.047003891050583654,0.9476224272533712
0.04715953307392996,0.9476224272533712
0.04715953307392996,0.947764371894961
0.047470817120622566,0.947764371894961
0.047470817120622566,0.9479063165365508
0.047626459143968874,0.9479063165365508
0.047626459143968874,0.9481902058197303
0.047782101167315176,0.9481902058197303
0.047782101167315176,0.9483321504613201
0.04809338521400778,0.9483321504613201
0.04809338521400778,0.9484740951029099
0.04840466926070039,0.9484740951029099
0.04840466926070039,0.9487579843860894
0.048715953307393,0.9487579843860894
0.048715953307393,0.949041873669269
0.048715953307393,0.9493257629524485
0.0490272373540856,0.9493257629524485
0.0490272373540856,0.9497515968772179
0.04933852140077821,0.9497515968772179
0.04933852140077821,0.9498935415188077
0.049494163424124514,0.9498935415188077
0.049494163424124514,0.9500354861603975
0.049805447470817124,0.9500354861603975
0.049805447470817124,0.950319375443577
0.049805447470817124,0.9506032647267566
0.049961089494163426,0.9506032647267566
0.049961089494163426,0.9507452093683464
0.05042801556420234,0.9507452093683464
0.05042801556420234,0.9508871540099362
0.05058365758754864,0.9508871540099362
0.05058365758754864,0.9511710432931156
0.05073929961089494,0.9511710432931156
0.05073929961089494,0.9517388218594748
0.05073929961089494,0.9518807665010646
0.05089494163424124,0.9518807665010646
0.05089494163424124,0.9520227111426544
0.05105058365758755,0.9520227111426544
0.05105058365758755,0.9521646557842441
0.05198443579766537,0.9521646557842441
0.05198443579766537,0.9527324343506033
0.052140077821011675,0.9527324343506033
0.052140077821011675,0.9530163236337829
0.052140077821011675,0.9531582682753726
0.05229571984435798,0.9531582682753726
0.05229571984435798,0.9534421575585522
0.05307392996108949,0.9534421575585522
0.05307392996108949,0.9540099361249113
0.0532295719844358,0.9540099361249113
0.0532295719844358,0.9542938254080908
0.054474708171206226,0.9542938254080908
0.054474708171206226,0.9547196593328602
0.05540856031128405,0.9547196593328602
0.05540856031128405,0.95486160397445
0.05556420233463035,0.95486160397445
0.05556420233463035,0.9550035486160398
0.055875486381322954,0.9550035486160398
0.055875486381322954,0.9551454932576295
0.056186770428015564,0.9551454932576295
0.056186770428015564,0.9552874378992193
0.056342412451361866,0.9552874378992193
0.056342412451361866,0.9554293825408091
0.05680933852140078,0.9554293825408091
0.05680933852140078,0.9557132718239887
0.05696498054474708,0.9557132718239887
0.05696498054474708,0.9559971611071683
0.05758754863813229,0.9559971611071683
0.05758754863813229,0.9561391057487579
0.0577431906614786,0.9561391057487579
0.0577431906614786,0.9562810503903477
0.0578988326848249,0.9562810503903477
0.0578988326848249,0.9564229950319375
0.05821011673151751,0.9564229950319375
0.05821011673151751,0.9567068843151171
0.058365758754863814,0.9567068843151171
0.058365758754863814,0.9569907735982967
0.058832684824902726,0.9569907735982967
0.058832684824902726,0.9571327182398864
0.05945525291828794,0.9571327182398864
0.05945525291828794,0.9572746628814762
0.05992217898832685,0.9572746628814762
0.05992217898832685,0.9575585521646558
0.060233463035019454,0.9575585521646558
0.060233463035019454,0.9581263307310149
0.06038910505836576,0.9581263307310149
0.060700389105058365,0.9581263307310149
0.06116731517509728,0.9581263307310149
0.06116731517509728,0.9582682753726047
0.06132295719844358,0.9582682753726047
0.06132295719844358,0.9585521646557842
0.06147859922178988,0.9585521646557842
0.06147859922178988,0.9588360539389638
0.06194552529182879,0.9588360539389638
0.06194552529182879,0.9594038325053229
0.0624124513618677,0.9594038325053229
0.0624124513618677,0.9595457771469127
0.06287937743190661,0.9595457771469127
0.06287937743190661,0.9596877217885025
0.06412451361867705,0.9596877217885025
0.06443579766536965,0.9596877217885025
0.06443579766536965,0.9598296664300923
0.06505836575875486,0.9598296664300923
0.06505836575875486,0.959971611071682
0.06583657587548639,0.959971611071682
0.06583657587548639,0.9602555003548616
0.06599221789883268,0.9602555003548616
0.06599221789883268,0.9603974449964514
0.0663035019455253,0.9603974449964514
0.0663035019455253,0.9605393896380412
0.06645914396887159,0.9605393896380412
0.06645914396887159,0.9609652235628106
0.0667704280155642,0.9609652235628106
0.0667704280155642,0.96124911284599
0.0667704280155642,0.9613910574875798
0.0669260700389105,0.9613910574875798
0.0669260700389105,0.9616749467707594
0.06723735408560311,0.9616749467707594
0.06723735408560311,0.9621007806955287
0.06754863813229572,0.9621007806955287
0.06754863813229572,0.9625266146202981
0.06863813229571984,0.9625266146202981
0.06863813229571984,0.9626685592618879
0.06894941634241245,0.9626685592618879
0.06894941634241245,0.9629524485450675
0.06910505836575875,0.9629524485450675
0.06910505836575875,0.963236337828247
0.06926070038910506,0.963236337828247
0.06926070038910506,0.9636621717530163
0.06957198443579767,0.9636621717530163
0.06957198443579767,0.9639460610361958
0.06957198443579767,0.9640880056777856
0.07035019455252918,0.9640880056777856
0.07035019455252918,0.9642299503193754
0.07066147859922178,0.9642299503193754
0.07066147859922178,0.9643718949609652
0.07143968871595331,0.9643718949609652
0.07143968871595331,0.9649396735273243
0.0715953307392996,0.9649396735273243
0.0715953307392996,0.9650816181689141
0.07190661478599222,0.9650816181689141
0.07190661478599222,0.9652235628105039
0.07237354085603113,0.9652235628105039
0.07237354085603113,0.9655074520936835
0.07284046692607003,0.9655074520936835
0.07284046692607003,0.9656493967352733
0.07299610894941634,0.9656493967352733
0.07299610894941634,0.9657913413768631
0.07330739299610894,0.9657913413768631
0.07330739299610894,0.9660752306600426
0.07361867704280156,0.9660752306600426
0.07361867704280156,0.9662171753016323
0.07392996108949416,0.9662171753016323
0.07392996108949416,0.9667849538679915
0.07392996108949416,0.9669268985095812
0.07392996108949416,0.9672107877927608
0.07392996108949416,0.9674946770759404
0.07408560311284047,0.9674946770759404
0.07408560311284047,0.9676366217175302
0.07657587548638133,0.9676366217175302
0.07657587548638133,0.9680624556422995
0.07704280155642024,0.9680624556422995
0.07704280155642024,0.9683463449254791
0.07766536964980544,0.9683463449254791
0.07766536964980544,0.9684882895670689
0.07782101167315175,0.9684882895670689
0.07782101167315175,0.9686302342086586
0.07828793774319066,0.9686302342086586
0.07828793774319066,0.9687721788502484
0.07844357976653696,0.9687721788502484
0.07844357976653696,0.9689141234918381
0.07875486381322958,0.9689141234918381
0.07875486381322958,0.9690560681334279
0.07891050583657587,0.9690560681334279
0.07891050583657587,0.9691980127750177
0.07953307392996109,0.9691980127750177
0.07953307392996109,0.9693399574166075
0.0798443579766537,0.9693399574166075
0.0798443579766537,0.9694819020581973
0.08171206225680934,0.9694819020581973
0.08171206225680934,0.9696238466997871
0.08217898832684825,0.9696238466997871
0.08217898832684825,0.9697657913413769
0.08326848249027237,0.9697657913413769
0.08326848249027237,0.9700496806245564
0.0840466926070039,0.9700496806245564
0.0840466926070039,0.9701916252661462
0.08498054474708171,0.9701916252661462
0.08498054474708171,0.9704755145493258
0.08560311284046693,0.9704755145493258
0.08560311284046693,0.9706174591909156
0.08669260700389105,0.9706174591909156
0.08700389105058366,0.9706174591909156
0.08918287937743191,0.9706174591909156
0.08918287937743191,0.9707594038325054
0.08949416342412451,0.9707594038325054
0.08949416342412451,0.9710432931156849
0.08980544747081712,0.9710432931156849
0.08980544747081712,0.9711852377572746
0.08996108949416343,0.9711852377572746
0.08996108949416343,0.9714691270404542
0.09214007782101168,0.9714691270404542
0.09214007782101168,0.9717530163236338
0.09245136186770428,0.9717530163236338
0.09245136186770428,0.9721788502484031
0.0933852140077821,0.9721788502484031
0.0933852140077821,0.9723207948899929
0.0936964980544747,0.9723207948899929
0.0936964980544747,0.9724627395315827
0.09416342412451362,0.9724627395315827
0.09416342412451362,0.9726046841731725
0.09494163424124513,0.9726046841731725
0.09494163424124513,0.972888573456352
0.09571984435797666,0.972888573456352
0.09571984435797666,0.9731724627395316
0.09634241245136187,0.9731724627395316
0.09634241245136187,0.9733144073811214
0.09696498054474709,0.9733144073811214
0.09696498054474709,0.9737402413058907
0.0975875486381323,0.9737402413058907
0.0975875486381323,0.9743080198722498
0.0978988326848249,0.9743080198722498
0.0978988326848249,0.9744499645138396
0.09836575875486381,0.9744499645138396
0.09836575875486381,0.9745919091554294
0.09852140077821012,0.9745919091554294
0.09852140077821012,0.9747338537970192
0.09914396887159534,0.9747338537970192
0.09914396887159534,0.9748757984386089
0.09929961089494163,0.9748757984386089
0.09929961089494163,0.9751596877217885
0.10007782101167315,0.9751596877217885
0.10007782101167315,0.9753016323633783
0.10054474708171206,0.9753016323633783
0.10054474708171206,0.9754435770049681
0.10163424124513619,0.9754435770049681
0.10163424124513619,0.9755855216465579
0.10178988326848248,0.9755855216465579
0.10178988326848248,0.9757274662881477
0.10194552529182879,0.9757274662881477
0.10194552529182879,0.9760113555713272
0.10194552529182879,0.9761533002129169
0.10334630350194553,0.9761533002129169
0.10334630350194553,0.9762952448545067
0.10365758754863813,0.9762952448545067
0.10365758754863813,0.9764371894960965
0.10396887159533073,0.9764371894960965
0.10396887159533073,0.9765791341376863
0.10505836575875487,0.9765791341376863
0.10505836575875487,0.976721078779276
0.10536964980544747,0.976721078779276
0.10536964980544747,0.9768630234208658
0.10692607003891051,0.9768630234208658
0.10692607003891051,0.9770049680624556
0.10957198443579766,0.9770049680624556
0.10957198443579766,0.9771469127040454
0.10972762645914397,0.9771469127040454
0.10972762645914397,0.9772888573456352
0.11003891050583657,0.9772888573456352
0.11003891050583657,0.977430801987225
0.11066147859922179,0.977430801987225
0.11066147859922179,0.9775727466288148
0.1109727626459144,0.9775727466288148
0.1109727626459144,0.9777146912704046
0.1114396887159533,0.9777146912704046
0.1114396887159533,0.9778566359119943
0.11330739299610895,0.9778566359119943
0.11330739299610895,0.9781405251951739
0.11673151750972763,0.9781405251951739
0.11673151750972763,0.9784244144783535
0.11735408560311283,0.9784244144783535
0.11735408560311283,0.9785663591199433
0.11844357976653697,0.9785663591199433
0.11844357976653697,0.978708303761533
0.12280155642023347,0.978708303761533
0.12280155642023347,0.9788502484031227
0.12856031128404669,0.9788502484031227
0.12856031128404669,0.9791341376863023
0.1288715953307393,0.9791341376863023
0.1288715953307393,0.9792760823278921
0.13198443579766536,0.9792760823278921
0.13198443579766536,0.9794180269694819
0.1330739299610895,0.9794180269694819
0.1330739299610895,0.9795599716110717
0.13400778210116732,0.9795599716110717
0.13400778210116732,0.9797019162526615
0.13540856031128404,0.9797019162526615
0.13540856031128404,0.9798438608942512
0.13634241245136186,0.9798438608942512
0.13634241245136186,0.979985805535841
0.13727626459143968,0.979985805535841
0.13727626459143968,0.9802696948190206
0.13976653696498054,0.9802696948190206
0.13976653696498054,0.9804116394606104
0.14101167315175098,0.9804116394606104
0.14101167315175098,0.9805535841022002
0.14599221789883268,0.9805535841022002
0.14599221789883268,0.9809794180269695
0.14832684824902723,0.9809794180269695
0.14832684824902723,0.9811213626685593
0.1505058365758755,0.9811213626685593
0.1505058365758755,0.981263307310149
0.1508171206225681,0.981263307310149
0.1508171206225681,0.9814052519517388
0.15221789883268483,0.9814052519517388
0.15221789883268483,0.9815471965933286
0.15268482490272373,0.9815471965933286
0.15268482490272373,0.9816891412349183
0.15299610894941634,0.9816891412349183
0.15299610894941634,0.9818310858765081
0.15315175097276265,0.9818310858765081
0.15315175097276265,0.9819730305180979
0.15517509727626458,0.9819730305180979
0.15517509727626458,0.9822569198012775
0.15688715953307392,0.9822569198012775
0.15688715953307392,0.9823988644428673
0.15735408560311284,0.9823988644428673
0.15735408560311284,0.9826827537260469
0.15891050583657587,0.9826827537260469
0.15891050583657587,0.9828246983676366
0.1593774319066148,0.9828246983676366
0.1593774319066148,0.9829666430092264
0.15953307392996108,0.9829666430092264
0.15953307392996108,0.9831085876508162
0.16077821011673152,0.9831085876508162
0.16077821011673152,0.983250532292406
0.16217898832684824,0.983250532292406
0.16217898832684824,0.9833924769339958
0.16389105058365758,0.9833924769339958
0.16389105058365758,0.9835344215755856
0.16560311284046692,0.9835344215755856
0.16560311284046692,0.9836763662171752
0.17027237354085603,0.9836763662171752
0.17027237354085603,0.983818310858765
0.17587548638132297,0.983818310858765
0.17587548638132297,0.9839602555003548
0.1777431906614786,0.9839602555003548
0.1777431906614786,0.9842441447835344
0.1778988326848249,0.9842441447835344
0.17821011673151751,0.9842441447835344
0.1828793774319066,0.9842441447835344
0.1828793774319066,0.9843860894251242
0.18474708171206225,0.9843860894251242
0.18474708171206225,0.984528034066714
0.18630350194552528,0.984528034066714
0.18630350194552528,0.9846699787083038
0.1869260700389105,0.9846699787083038
0.1869260700389105,0.9848119233498935
0.19003891050583657,0.9848119233498935
0.19003891050583657,0.9849538679914833
0.19330739299610894,0.9849538679914833
0.19330739299610894,0.9852377572746629
0.1996887159533074,0.9852377572746629
0.1996887159533074,0.9853797019162527
0.1998443579766537,0.9853797019162527
0.1998443579766537,0.9855216465578425
0.2001556420233463,0.9855216465578425
0.20217898832684825,0.9855216465578425
0.20249027237354086,0.9855216465578425
0.20311284046692607,0.9855216465578425
0.2034241245136187,0.9855216465578425
0.20498054474708172,0.9855216465578425
0.2052918287937743,0.9855216465578425
0.20544747081712061,0.9855216465578425
0.20544747081712061,0.9856635911994323
0.20949416342412452,0.9856635911994323
0.2098054474708171,0.9856635911994323
0.21696498054474708,0.9856635911994323
0.21696498054474708,0.9859474804826118
0.21805447470817121,0.9859474804826118
0.21805447470817121,0.9860894251242016
0.22303501945525292,0.9860894251242016
0.22303501945525292,0.9862313697657913
0.22334630350194554,0.9862313697657913
0.22334630350194554,0.9865152590489709
0.22365758754863813,0.9865152590489709
0.22365758754863813,0.9866572036905606
0.22894941634241245,0.9866572036905606
0.22926070038910507,0.9866572036905606
0.231284046692607,0.9866572036905606
0.231284046692607,0.9867991483321504
0.2315953307392996,0.9867991483321504
0.2315953307392996,0.9869410929737402
0.23501945525291829,0.9869410929737402
0.23501945525291829,0.98708303761533
0.23922178988326848,0.98708303761533
0.2395330739299611,0.98708303761533
0.24155642023346305,0.98708303761533
0.24155642023346305,0.9872249822569198
0.2440466926070039,0.9872249822569198
0.2440466926070039,0.9873669268985096
0.24980544747081712,0.9873669268985096
0.24980544747081712,0.9875088715400994
0.25089494163424125,0.9875088715400994
0.25120622568093387,0.9875088715400994
0.25556420233463034,0.9875088715400994
0.25556420233463034,0.9876508161816892
0.2611673151750973,0.9876508161816892
0.2611673151750973,0.9877927608232789
0.2652140077821012,0.9877927608232789
0.2652140077821012,0.9879347054648687
0.26894941634241243,0.9879347054648687
0.26926070038910505,0.9879347054648687
0.26926070038910505,0.9880766501064585
0.27003891050583656,0.9880766501064585
0.27003891050583656,0.9883605393896381
0.27657587548638135,0.9883605393896381
0.2768871595330739,0.9883605393896381
0.27735408560311287,0.9883605393896381
0.27735408560311287,0.9885024840312279
0.2806225680933852,0.9885024840312279
0.2806225680933852,0.9886444286728177
0.28498054474708173,0.9886444286728177
0.28498054474708173,0.9887863733144073
0.285136186770428,0.9887863733144073
0.285136186770428,0.9889283179559971
0.28653696498054476,0.9889283179559971
0.28653696498054476,0.9890702625975869
0.2930739299610895,0.9890702625975869
0.2930739299610895,0.9892122072391767
0.29369649805447473,0.9892122072391767
0.29369649805447473,0.9893541518807665
0.2964980544747082,0.9893541518807665
0.2964980544747082,0.9894960965223563
0.301011673151751,0.9894960965223563
0.3013229571984436,0.9894960965223563
0.30365758754863814,0.9894960965223563
0.30365758754863814,0.989638041163946
0.30396887159533076,0.989638041163946
0.3042801556420233,0.989638041163946
0.3058365758754864,0.989638041163946
0.3058365758754864,0.9897799858055358
0.30614785992217897,0.9897799858055358
0.3070817120622568,0.9897799858055358
0.3070817120622568,0.9899219304471256
0.31315175097276265,0.9899219304471256
0.31315175097276265,0.9900638750887154
0.31610894941634243,0.9900638750887154
0.31610894941634243,0.9902058197303052
0.31704280155642023,0.9902058197303052
0.31704280155642023,0.990347764371895
0.31735408560311285,0.990347764371895
0.32607003891050584,0.990347764371895
0.32607003891050584,0.9906316536550746
0.32809338521400777,0.9906316536550746
0.3284046692607004,0.9906316536550746
0.33073929961089493,0.9906316536550746
0.33073929961089493,0.9907735982966643
0.33105058365758755,0.9907735982966643
0.33105058365758755,0.9909155429382541
0.3326070038910506,0.9909155429382541
0.3329182879377432,0.9909155429382541
0.33929961089494165,0.9909155429382541
0.33961089494163427,0.9909155429382541
0.34303501945525294,0.9909155429382541
0.34303501945525294,0.9910574875798439
0.35330739299610897,0.9910574875798439
0.35330739299610897,0.9911994322214337
0.3545525291828794,0.9911994322214337
0.3545525291828794,0.9913413768630234
0.3554863813229572,0.9913413768630234
0.3557976653696498,0.9913413768630234
0.35719844357976654,0.9913413768630234
0.35719844357976654,0.9914833215046132
0.35891050583657585,0.9914833215046132
0.35922178988326847,0.9914833215046132
0.36311284046692605,0.9914833215046132
0.36311284046692605,0.9916252661462029
0.36669260700389106,0.9916252661462029
0.36669260700389106,0.9917672107877927
0.3690272373540856,0.9917672107877927
0.3690272373540856,0.9919091554293825
0.37136186770428015,0.9919091554293825
0.37136186770428015,0.9920511000709723
0.37167315175097276,0.9920511000709723
0.3719844357976654,0.9920511000709723
0.38085603112840466,0.9920511000709723
0.38085603112840466,0.9921930447125621
0.3906614785992218,0.9921930447125621
0.3906614785992218,0.9923349893541519
0.391284046692607,0.9923349893541519
0.391284046692607,0.9924769339957417
0.3954863813229572,0.9924769339957417
0.39579766536964983,0.9924769339957417
0.39750972762645914,0.9924769339957417
0.39750972762645914,0.9926188786373314
0.39797665369649804,0.9926188786373314
0.39797665369649804,0.9927608232789212
0.40295719844357974,0.9927608232789212
0.40295719844357974,0.992902767920511
0.40373540856031126,0.992902767920511
0.4040466926070039,0.992902767920511
0.4042023346303502,0.9930447125621008
0.4042023346303502,0.9931866572036906
0.4049805447470817,0.9931866572036906
0.4056031128404669,0.9931866572036906
0.40622568093385214,0.9931866572036906
0.4085603112840467,0.9944641589779986
0.4088715953307393,0.9944641589779986
0.4091828793774319,0.9944641589779986
0.4093385214007782,0.9944641589779986
0.4093385214007782,0.9946061036195883
0.40996108949416343,0.9946061036195883
0.41073929961089495,0.9946061036195883
0.41073929961089495,0.9947480482611781
0.41120622568093385,0.9947480482611781
0.4118287937743191,0.9947480482611781
0.4118287937743191,0.9948899929027679
0.413852140077821,0.9948899929027679
0.413852140077821,0.9950319375443577
0.4140077821011673,0.9950319375443577
0.4143190661478599,0.9950319375443577
0.41571984435797665,0.9950319375443577
0.41603112840466927,0.9951738821859475
0.41992217898832684,0.9951738821859475
0.41992217898832684,0.9953158268275373
0.4200778210116731,0.9954577714691271
0.42070038910505836,0.9954577714691271
0.4216342412451362,0.9954577714691271
0.42396887159533075,0.9954577714691271
0.42412451361867703,0.9955997161107168
0.42459143968871593,0.9955997161107168
0.42490272373540855,0.9955997161107168
0.42521400778210117,0.9955997161107168
0.42521400778210117,0.9957416607523066
0.4275486381322957,0.9957416607523066
0.42785992217898833,0.9957416607523066
0.42988326848249026,0.996735273243435
0.43019455252918287,0.996735273243435
0.43019455252918287,0.9968772178850248
0.4308171206225681,0.9968772178850248
0.4311284046692607,0.9968772178850248
0.4315953307392996,0.9968772178850248
0.43190661478599224,0.9968772178850248
0.43486381322957196,0.9968772178850248
0.4351750972762646,0.9968772178850248
0.4357976653696498,0.9968772178850248
0.4357976653696498,0.9970191625266146
0.4578988326848249,0.9970191625266146
0.4578988326848249,0.9971611071682044
0.45976653696498054,0.9971611071682044
0.46007782101167316,0.9971611071682044
0.4622568093385214,0.9971611071682044
0.4622568093385214,0.9973030518097942
0.46848249027237354,0.9973030518097942
0.46848249027237354,0.997444996451384
0.4719066147859922,0.997444996451384
0.47221789883268483,0.997444996451384
0.4750194552529183,0.997444996451384
0.4754863813229572,0.997444996451384
0.4806225680933852,0.997444996451384
0.48093385214007783,0.997444996451384
0.4831128404669261,0.997444996451384
0.483579766536965,0.997444996451384
0.4838910505836576,0.997444996451384
0.49182879377431904,0.997444996451384
0.49214007782101166,0.997444996451384
0.49556420233463033,0.997444996451384
0.49587548638132295,0.997444996451384
0.4978988326848249,0.997444996451384
0.4982101167315175,0.997444996451384
0.498988326848249,0.997444996451384
0.498988326848249,0.9975869410929737
0.5011673151750973,0.9975869410929737
0.5011673151750973,0.9977288857345635
0.5087937743190661,0.9977288857345635
0.5091050583657587,0.9977288857345635
0.5126848249027237,0.9977288857345635
0.5129961089494164,0.9977288857345635
0.5134630350194552,0.9977288857345635
0.5139299610894942,0.9977288857345635
0.52,0.9977288857345635
0.52,0.9978708303761533
0.5210894941634241,0.9978708303761533
0.5210894941634241,0.9980127750177431
0.5248249027237354,0.9980127750177431
0.5251361867704281,0.9980127750177431
0.546147859922179,0.9980127750177431
0.5466147859922179,0.9980127750177431
0.5554863813229572,0.9980127750177431
0.5557976653696498,0.9980127750177431
0.5570428015564203,0.9980127750177431
0.5573540856031128,0.9980127750177431
0.5782101167315176,0.9980127750177431
0.5782101167315176,0.9981547196593329
0.581011673151751,0.9981547196593329
0.581011673151751,0.9984386089425125
0.5859922178988327,0.9984386089425125
0.5863035019455253,0.9984386089425125
0.591284046692607,0.9984386089425125
0.591284046692607,0.9985805535841022
0.5965758754863814,0.9985805535841022
0.5965758754863814,0.998722498225692
0.6057587548638133,0.998722498225692
0.6057587548638133,0.9988644428672817
0.6098054474708171,0.9988644428672817
0.6101167315175098,0.9988644428672817
0.6105836575875486,0.9988644428672817
0.6108949416342413,0.9988644428672817
0.6169649805447471,0.9988644428672817
0.6172762645914397,0.9988644428672817
0.6277042801556421,0.9988644428672817
0.6280155642023346,0.9988644428672817
0.634863813229572,0.9988644428672817
0.634863813229572,0.9990063875088715
0.6361089494163424,0.9990063875088715
0.636420233463035,0.9990063875088715
0.6367315175097277,0.9990063875088715
0.6367315175097277,0.9991483321504613
0.6564980544747082,0.9991483321504613
0.6568093385214008,0.9991483321504613
0.6798443579766537,0.9991483321504613
0.6801556420233463,0.9991483321504613
0.6846692607003891,0.9991483321504613
0.685136186770428,0.9991483321504613
0.6873151750972762,0.9991483321504613
0.6873151750972762,0.9992902767920511
0.704591439688716,0.9992902767920511
0.7049027237354085,0.9992902767920511
0.709727626459144,0.9992902767920511
0.7100389105058366,0.9992902767920511
0.7119066147859923,0.9992902767920511
0.7122178988326848,0.9992902767920511
0.7123735408560311,0.9992902767920511
0.7123735408560311,0.9994322214336409
0.7145525291828794,0.9994322214336409
0.7148638132295719,0.9994322214336409
0.7153307392996109,0.9994322214336409
0.7156420233463036,0.9994322214336409
0.728715953307393,0.9994322214336409
0.7290272373540856,0.9994322214336409
0.7617120622568093,0.9994322214336409
0.7617120622568093,0.9995741660752306
0.781011673151751,0.9995741660752306
0.7813229571984436,0.9995741660752306
0.7853696498054474,0.9995741660752306
0.7856809338521401,0.9995741660752306
0.7875486381322957,0.9995741660752306
0.7878599221789884,0.9995741660752306
0.7985992217898833,0.9995741660752306
0.7989105058365759,0.9995741660752306
0.8065369649805447,0.9995741660752306
0.8070038910505837,0.9995741660752306
0.8127626459143968,0.9995741660752306
0.8130739299610895,0.9995741660752306
0.8157198443579766,0.9995741660752306
0.8160311284046693,0.9995741660752306
0.8168093385214008,0.9995741660752306
0.8171206225680934,0.9995741660752306
0.826147859922179,0.9995741660752306
0.8264591439688715,0.9995741660752306
0.8322178988326848,0.9995741660752306
0.8322178988326848,0.9997161107168204
0.841556420233463,0.9997161107168204
0.8418677042801557,0.9997161107168204
0.8428015564202335,0.9997161107168204
0.843112840466926,0.9997161107168204
0.8508949416342413,0.9997161107168204
0.8512062256809338,0.9997161107168204
0.8541634241245136,0.9997161107168204
0.8544747081712062,0.9997161107168204
0.8549416342412451,0.9997161107168204
0.8549416342412451,0.9998580553584102
0.8561867704280156,0.9998580553584102
0.8564980544747082,0.9998580553584102
0.8592996108949417,0.9998580553584102
0.8596108949416342,1.0
0.8689494163424124,1.0
0.8692607003891051,1.0
0.8694163424124514,1.0
0.8697276264591439,1.0
0.8722178988326849,1.0
0.8725291828793774,1.0
0.8812451361867705,1.0
0.881556420233463,1.0
0.8884046692607004,1.0
0.888715953307393,1.0
0.8918287937743191,1.0
0.8921400778210117,1.0
0.8940077821011673,1.0
0.8943190661478599,1.0
0.8960311284046693,1.0
0.8963424124513618,1.0
0.8985214007782101,1.0
0.8991439688715953,1.0
0.9070817120622569,1.0
0.9073929961089494,1.0
0.9106614785992218,1.0
0.9109727626459144,1.0
0.9372762645914396,1.0
0.9375875486381323,1.0
0.9450583657587549,1.0
0.9455252918287937,1.0
0.9473929961089494,1.0
0.9478599221789883,1.0
0.9515953307392996,1.0
0.9519066147859923,1.0
0.9665369649805448,1.0
0.9668482490272373,1.0
0.9811673151750973,1.0
0.9814785992217899,1.0
0.9855252918287938,1.0
0.9858365758754863,1.0
0.9883268482490273,1.0
0.9886381322957198,1.0
0.9903501945525292,1.0
0.9908171206225681,1.0
0.9942412451361867,1.0
0.9945525291828794,1.0
0.9947081712062257,1.0
0.9950194552529182,1.0
0.9970428015564202,1.0
0.9973540856031129,1.0
1.0,1.0
