fpr_RF,tpr_RF
0.0,0.0
0.0001556420233463035,0.15273243435060327
0.0001556420233463035,0.15358410220014193
0.0001556420233463035,0.15372604684173172
0.0001556420233463035,0.1540099361249113
0.0001556420233463035,0.15429382540809083
0.0001556420233463035,0.1545777146912704
0.0001556420233463035,0.1547196593328602
0.0001556420233463035,0.15500354861603974
0.0001556420233463035,0.1552874378992193
0.0001556420233463035,0.24002838892831796
0.0001556420233463035,0.2403122782114975
0.0001556420233463035,0.2404542228530873
0.0001556420233463035,0.24073811213626686
0.0001556420233463035,0.2417317246273953
0.0001556420233463035,0.24215755855216464
0.0001556420233463035,0.242583392476934
0.000311284046692607,0.2965223562810504
0.000311284046692607,0.2966643009226402
0.000311284046692607,0.29694819020581975
0.000311284046692607,0.29723207948899927
0.000311284046692607,0.29907735982966643
0.000311284046692607,0.299361249112846
0.000311284046692607,0.2995031937544358
0.000311284046692607,0.2997870830376153
0.000311284046692607,0.30049680624556424
0.0004669260700389105,0.3405251951738822
0.0004669260700389105,0.34123491838183106
0.000622568093385214,0.3416607523066004
0.000622568093385214,0.3420865862313698
0.000622568093385214,0.3423704755145493
0.000622568093385214,0.34293825408090844
0.000622568093385214,0.34308019872249823
0.000622568093385214,0.3433640880056778
0.000622568093385214,0.3435060326472676
0.0007782101167315176,0.3772888573456352
0.0007782101167315176,0.3778566359119943
0.0007782101167315176,0.37842441447835345
0.0007782101167315176,0.378708303761533
0.0007782101167315176,0.3792760823278921
0.0007782101167315176,0.3795599716110717
0.0007782101167315176,0.37998580553584105
0.0007782101167315176,0.38041163946061035
0.0007782101167315176,0.3806955287437899
0.0007782101167315176,0.4072391767210788
0.0007782101167315176,0.40752306600425836
0.0007782101167315176,0.4078069552874379
0.0007782101167315176,0.4085166784953868
0.0007782101167315176,0.4090844570617459
0.0007782101167315176,0.40951029098651526
0.0007782101167315176,0.4100780695528744
0.0007782101167315176,0.4105039034776437
0.0007782101167315176,0.41092973740241306
0.0007782101167315176,0.41149751596877215
0.0007782101167315176,0.41163946061036194
0.000933852140077821,0.4319375443577005
0.000933852140077821,0.43222143364088006
0.000933852140077821,0.43250532292405963
0.000933852140077821,0.4334989354151881
0.000933852140077821,0.43364088005677787
0.000933852140077821,0.43392476933995744
0.000933852140077821,0.43449254790631653
0.000933852140077821,0.4349183818310859
0.000933852140077821,0.43520227111426546
0.000933852140077821,0.4353442157558552
0.000933852140077821,0.45791341376863026
0.000933852140077821,0.4587650816181689
0.000933852140077821,0.4590489709013485
0.000933852140077821,0.4594748048261178
0.000933852140077821,0.45975869410929737
0.000933852140077821,0.46061036195883603
0.000933852140077821,0.47906316536550747
0.000933852140077821,0.479347054648687
0.000933852140077821,0.4807665010645848
0.000933852140077821,0.48105039034776437
0.000933852140077821,0.4816181689141235
0.000933852140077821,0.4821859474804826
0.000933852140077821,0.48261178140525196
0.000933852140077821,0.48289567068843153
0.000933852140077821,0.4834634492547906
0.000933852140077821,0.4837473385379702
0.000933852140077821,0.48403122782114977
0.000933852140077821,0.5030518097941803
0.000933852140077821,0.5039034776437189
0.000933852140077821,0.5041873669268985
0.000933852140077821,0.5043293115684883
0.000933852140077821,0.505180979418027
0.000933852140077821,0.5056068133427963
0.000933852140077821,0.5196593328601845
0.000933852140077821,0.5198012775017743
0.000933852140077821,0.5200851667849539
0.000933852140077821,0.5205110007097232
0.000933852140077821,0.5209368346344926
0.000933852140077821,0.5210787792760824
0.000933852140077821,0.5215046132008516
0.000933852140077821,0.5217885024840312
0.000933852140077821,0.5304471256210078
0.000933852140077821,0.5320085166784954
0.0010894941634241246,0.5325762952448545
0.0010894941634241246,0.5327182398864443
0.0010894941634241246,0.5330021291696239
0.0010894941634241246,0.5337118523775728
0.0010894941634241246,0.5342796309439318
0.0010894941634241246,0.5344215755855216
0.001245136186770428,0.5474804826117814
0.001245136186770428,0.5483321504613201
0.001245136186770428,0.5613910574875799
0.001245136186770428,0.5618168914123491
0.001245136186770428,0.5625266146202981
0.001245136186770428,0.5635202271114266
0.001245136186770428,0.5711852377572747
0.001245136186770428,0.5714691270404543
0.001245136186770428,0.5717530163236337
0.001245136186770428,0.5721788502484031
0.0014007782101167316,0.5721788502484031
0.0014007782101167316,0.5723207948899929
0.0015564202334630351,0.5723207948899929
0.0015564202334630351,0.5730305180979418
0.0017120622568093384,0.5730305180979418
0.0017120622568093384,0.5734563520227112
0.001867704280155642,0.5798438608942512
0.001867704280155642,0.5812633073101491
0.001867704280155642,0.5815471965933287
0.0020233463035019454,0.5815471965933287
0.0020233463035019454,0.5816891412349183
0.002178988326848249,0.5883605393896381
0.002178988326848249,0.589070262597587
0.002178988326848249,0.5893541518807665
0.002178988326848249,0.589638041163946
0.002178988326848249,0.5899219304471256
0.002178988326848249,0.5904897090134847
0.0023346303501945525,0.5980127750177431
0.0023346303501945525,0.5984386089425124
0.0023346303501945525,0.5991483321504614
0.0023346303501945525,0.5994322214336408
0.002490272373540856,0.5994322214336408
0.002490272373540856,0.5995741660752306
0.0026459143968871595,0.5995741660752306
0.0026459143968871595,0.6
0.0028015564202334632,0.6
0.0028015564202334632,0.6062455642299504
0.0028015564202334632,0.6066713981547197
0.0028015564202334632,0.6072391767210787
0.0028015564202334632,0.6078069552874379
0.0029571984435797665,0.6146202980837473
0.0029571984435797665,0.6147622427253371
0.0029571984435797665,0.6150461320085167
0.0029571984435797665,0.6158977998580554
0.0029571984435797665,0.6163236337828247
0.0029571984435797665,0.6166075230660043
0.0029571984435797665,0.6171753016323633
0.0031128404669260703,0.6239886444286729
0.0031128404669260703,0.6245564229950319
0.0032684824902723736,0.6245564229950319
0.0032684824902723736,0.6252661462029808
0.0032684824902723736,0.6262597586941093
0.0032684824902723736,0.6265436479772889
0.0032684824902723736,0.6268275372604685
0.0035797665369649806,0.6347764371894961
0.0035797665369649806,0.6360539389638041
0.0035797665369649806,0.6366217175301633
0.0035797665369649806,0.6369056068133429
0.0035797665369649806,0.6371894960965223
0.0035797665369649806,0.6373314407381121
0.003735408560311284,0.6373314407381121
0.003735408560311284,0.6376153300212917
0.0038910505836575876,0.6447125621007807
0.0038910505836575876,0.6449964513839602
0.0038910505836575876,0.6452803406671398
0.0038910505836575876,0.6455642299503194
0.0038910505836575876,0.6458481192334989
0.0038910505836575876,0.6466997870830377
0.004202334630350194,0.6515259048970902
0.004202334630350194,0.654222853087296
0.004513618677042802,0.6593328601845281
0.004513618677042802,0.6596167494677075
0.004669260700389105,0.6601845280340667
0.004669260700389105,0.6607523066004258
0.004669260700389105,0.6645848119233498
0.004669260700389105,0.6654364797728886
0.004669260700389105,0.6658623136976579
0.004669260700389105,0.6660042583392477
0.004669260700389105,0.6662881476224273
0.004669260700389105,0.6667139815471966
0.004669260700389105,0.6715400993612491
0.004669260700389105,0.6718239886444287
0.004669260700389105,0.6721078779276083
0.004669260700389105,0.6733853797019163
0.004824902723735408,0.6733853797019163
0.004980544747081712,0.6775017743080198
0.004980544747081712,0.6777856635911994
0.004980544747081712,0.6782114975159688
0.004980544747081712,0.6787792760823279
0.004980544747081712,0.6790631653655075
0.004980544747081712,0.6794889992902768
0.004980544747081712,0.6799148332150461
0.005136186770428016,0.6799148332150461
0.005136186770428016,0.6800567778566359
0.005136186770428016,0.6853087295954577
0.005136186770428016,0.6857345635202271
0.005136186770428016,0.6863023420865862
0.005136186770428016,0.6867281760113556
0.005291828793774319,0.6918381831085877
0.005291828793774319,0.6924059616749467
0.005447470817120622,0.6925479063165365
0.005447470817120622,0.6926898509581263
0.005447470817120622,0.6929737402413059
0.005447470817120622,0.6939673527324344
0.005447470817120622,0.6989354151880767
0.005447470817120622,0.6992193044712562
0.005447470817120622,0.699361249112846
0.005447470817120622,0.6996451383960256
0.005447470817120622,0.7012065294535131
0.0056031128404669265,0.7060326472675656
0.0056031128404669265,0.7067423704755146
0.0056031128404669265,0.7073101490418736
0.0056031128404669265,0.707735982966643
0.0056031128404669265,0.7118523775727467
0.0056031128404669265,0.7127040454222853
0.0056031128404669265,0.7129879347054648
0.0056031128404669265,0.7131298793470546
0.0056031128404669265,0.7169623846699787
0.0056031128404669265,0.717388218594748
0.0056031128404669265,0.7176721078779276
0.0056031128404669265,0.7183818310858765
0.0056031128404669265,0.7209368346344925
0.0056031128404669265,0.7213626685592619
0.0056031128404669265,0.7217885024840313
0.00575875486381323,0.7217885024840313
0.00575875486381323,0.721930447125621
0.006070038910505836,0.7243435060326473
0.006070038910505836,0.725762952448545
0.006070038910505836,0.7260468417317246
0.006070038910505836,0.726472675656494
0.006070038910505836,0.7300212916962384
0.006070038910505836,0.7314407381121363
0.006070038910505836,0.7317246273953159
0.006070038910505836,0.7324343506032647
0.0062256809338521405,0.7324343506032647
0.0062256809338521405,0.7325762952448545
0.006536964980544747,0.7352732434350603
0.00669260700389105,0.7352732434350603
0.00669260700389105,0.7358410220014194
0.006848249027237354,0.7358410220014194
0.006848249027237354,0.7368346344925479
0.007003891050583658,0.7395315826827538
0.007159533073929961,0.7395315826827538
0.007159533073929961,0.7400993612491128
0.007159533073929961,0.7403832505322924
0.007159533073929961,0.7409510290986515
0.0073151750972762645,0.7435060326472676
0.0073151750972762645,0.7440738112136267
0.0073151750972762645,0.7443577004968063
0.0073151750972762645,0.7450674237047551
0.007470817120622568,0.7450674237047551
0.007470817120622568,0.7453513129879347
0.007626459143968872,0.7453513129879347
0.007626459143968872,0.745777146912704
0.007782101167315175,0.745777146912704
0.007782101167315175,0.7483321504613201
0.007782101167315175,0.7496096522356281
0.008093385214007782,0.7520227111426544
0.008093385214007782,0.7531582682753726
0.008249027237354085,0.7559971611071682
0.008249027237354085,0.7565649396735273
0.008404669260700388,0.7585521646557842
0.008404669260700388,0.7589779985805536
0.008404669260700388,0.7592618878637332
0.008404669260700388,0.7601135557132718
0.008715953307392997,0.7626685592618878
0.008715953307392997,0.7629524485450674
0.008715953307392997,0.763236337828247
0.008715953307392997,0.7638041163946061
0.008715953307392997,0.7653655074520936
0.008715953307392997,0.7665010645848119
0.008715953307392997,0.768346344925479
0.008715953307392997,0.7693399574166075
0.008715953307392997,0.7696238466997871
0.008715953307392997,0.7697657913413769
0.0088715953307393,0.7697657913413769
0.0088715953307393,0.7700496806245565
0.0088715953307393,0.7726046841731725
0.009027237354085603,0.7726046841731725
0.009027237354085603,0.7734563520227111
0.009027237354085603,0.7737402413058907
0.009182879377431907,0.7758694109297374
0.009182879377431907,0.7760113555713272
0.00933852140077821,0.7760113555713272
0.00933852140077821,0.7768630234208659
0.00933852140077821,0.7782824698367636
0.00933852140077821,0.7785663591199432
0.009494163424124513,0.7785663591199432
0.009494163424124513,0.778708303761533
0.009494163424124513,0.7789921930447126
0.009494163424124513,0.7791341376863024
0.009649805447470816,0.7811213626685592
0.009649805447470816,0.7815471965933286
0.009961089494163425,0.7815471965933286
0.009961089494163425,0.781973030518098
0.009961089494163425,0.7822569198012775
0.009961089494163425,0.7825408090844571
0.009961089494163425,0.7843860894251242
0.009961089494163425,0.7853797019162526
0.010116731517509728,0.7873669268985096
0.010428015564202335,0.7873669268985096
0.010428015564202335,0.7875088715400994
0.010428015564202335,0.7877927608232789
0.010428015564202335,0.7879347054648687
0.010428015564202335,0.7902058197303051
0.010428015564202335,0.7907735982966643
0.010428015564202335,0.7910574875798438
0.010428015564202335,0.791625266146203
0.010583657587548638,0.7938963804116395
0.010583657587548638,0.7940383250532292
0.010583657587548638,0.7943222143364088
0.010583657587548638,0.794889992902768
0.010583657587548638,0.7965933286018453
0.010583657587548638,0.798012775017743
0.010583657587548638,0.7992902767920511
0.010583657587548638,0.8
0.010739299610894941,0.8
0.010739299610894941,0.8002838892831795
0.010739299610894941,0.801277501774308
0.010739299610894941,0.8017033356990774
0.010894941634241245,0.8017033356990774
0.010894941634241245,0.8022711142654365
0.010894941634241245,0.8048261178140526
0.010894941634241245,0.8056777856635912
0.010894941634241245,0.807097232079489
0.010894941634241245,0.8073811213626686
0.011050583657587548,0.8073811213626686
0.011050583657587548,0.8082327892122072
0.011206225680933853,0.8082327892122072
0.011361867704280156,0.8100780695528744
0.011361867704280156,0.8102200141944642
0.01151750972762646,0.8102200141944642
0.01151750972762646,0.8106458481192335
0.011828793774319066,0.8117814052519517
0.011828793774319066,0.8119233498935415
0.011828793774319066,0.8124911284599007
0.011828793774319066,0.8143364088005678
0.011828793774319066,0.8150461320085167
0.012140077821011673,0.8150461320085167
0.012140077821011673,0.815471965933286
0.012451361867704281,0.8173172462739532
0.012451361867704281,0.817459190915543
0.012451361867704281,0.8177430801987225
0.012607003891050584,0.8177430801987225
0.012607003891050584,0.8183108587650816
0.012607003891050584,0.8193044712562101
0.012607003891050584,0.8195883605393897
0.012607003891050584,0.8197303051809794
0.012918287937743191,0.8197303051809794
0.013073929961089494,0.8197303051809794
0.013073929961089494,0.8198722498225692
0.013540856031128404,0.8217175301632363
0.013540856031128404,0.8220014194464159
0.014163424124513619,0.8227111426543648
0.014163424124513619,0.8228530872959546
0.014319066147859922,0.8228530872959546
0.014319066147859922,0.8229950319375443
0.014474708171206226,0.8229950319375443
0.014474708171206226,0.8232789212207239
0.014630350194552529,0.8232789212207239
0.014630350194552529,0.8235628105039035
0.014630350194552529,0.8237047551454932
0.014785992217898832,0.8237047551454932
0.014785992217898832,0.8239886444286728
0.015408560311284047,0.8249822569198013
0.015408560311284047,0.8252661462029809
0.015408560311284047,0.8254080908445706
0.01556420233463035,0.8254080908445706
0.01556420233463035,0.8258339247693399
0.01556420233463035,0.8264017033356991
0.01556420233463035,0.8266855926188786
0.015719844357976652,0.8278211497515969
0.015719844357976652,0.828388928317956
0.015719844357976652,0.8286728176011355
0.015719844357976652,0.8289567068843151
0.016186770428015564,0.8299503193754436
0.01649805447470817,0.8299503193754436
0.01649805447470817,0.8302342086586232
0.01649805447470817,0.8305180979418026
0.016653696498054475,0.8305180979418026
0.016653696498054475,0.8308019872249822
0.016809338521400777,0.8320794889992903
0.016809338521400777,0.8329311568488289
0.016964980544747082,0.8329311568488289
0.017120622568093387,0.834208658623137
0.017120622568093387,0.8344925479063166
0.017431906614785993,0.8344925479063166
0.017431906614785993,0.8346344925479063
0.017587548638132295,0.8359119943222143
0.017587548638132295,0.8364797728885734
0.0178988326848249,0.8376153300212917
0.0178988326848249,0.8378992193044713
0.018054474708171207,0.8378992193044713
0.018054474708171207,0.8381831085876508
0.018365758754863813,0.8381831085876508
0.018365758754863813,0.8383250532292406
0.018832684824902725,0.8394606103619588
0.018832684824902725,0.8398864442867282
0.018988326848249026,0.8398864442867282
0.018988326848249026,0.840028388928318
0.01914396887159533,0.840028388928318
0.01914396887159533,0.8401703335699078
0.019299610894941633,0.841305890702626
0.019299610894941633,0.8415897799858055
0.019299610894941633,0.8417317246273953
0.01961089494163424,0.8417317246273953
0.01961089494163424,0.8420156139105749
0.019766536964980545,0.8420156139105749
0.02007782101167315,0.8434350603264726
0.02007782101167315,0.8437189496096522
0.020233463035019456,0.8437189496096522
0.020233463035019456,0.8440028388928318
0.020544747081712063,0.8447125621007807
0.020700389105058364,0.8447125621007807
0.020700389105058364,0.8449964513839603
0.020700389105058364,0.8452803406671399
0.02085603112840467,0.8452803406671399
0.02085603112840467,0.8455642299503193
0.02132295719844358,0.8465578424414478
0.02132295719844358,0.8468417317246274
0.021478599221789883,0.8468417317246274
0.021478599221789883,0.8469836763662172
0.021478599221789883,0.8475514549325763
0.021478599221789883,0.8478353442157559
0.02178988326848249,0.8488289567068843
0.02178988326848249,0.8493967352732434
0.022101167315175096,0.8505322924059616
0.022101167315175096,0.8508161816891412
0.022101167315175096,0.8511000709723208
0.022101167315175096,0.8512420156139106
0.0222568093385214,0.8515259048970901
0.0222568093385214,0.8518097941802697
0.022412451361867706,0.8518097941802697
0.022723735408560312,0.8522356281050391
0.022723735408560312,0.8528034066713982
0.022879377431906614,0.8528034066713982
0.02303501945525292,0.8537970191625266
0.02303501945525292,0.854222853087296
0.02319066147859922,0.8560681334279631
0.023346303501945526,0.8562100780695528
0.023346303501945526,0.8564939673527324
0.023657587548638132,0.8564939673527324
0.023657587548638132,0.8570617459190916
0.023813229571984437,0.8576295244854507
0.023813229571984437,0.8579134137686303
0.023813229571984437,0.8586231369765791
0.024124513618677044,0.8586231369765791
0.024124513618677044,0.8589070262597587
0.02443579766536965,0.8589070262597587
0.024591439688715952,0.859332860184528
0.024591439688715952,0.8594748048261178
0.024747081712062257,0.8594748048261178
0.024902723735408562,0.8596167494677076
0.02521400778210117,0.8604684173172463
0.02521400778210117,0.8607523066004258
0.02521400778210117,0.8610361958836054
0.02536964980544747,0.8610361958836054
0.02536964980544747,0.8611781405251951
0.025525291828793775,0.8611781405251951
0.025525291828793775,0.8616039744499645
0.025525291828793775,0.862597586941093
0.025525291828793775,0.8628814762242726
0.025525291828793775,0.8640170333569908
0.025525291828793775,0.8643009226401703
0.025992217898832683,0.8657203690560681
0.025992217898832683,0.8660042583392477
0.025992217898832683,0.8665720369056068
0.02614785992217899,0.8665720369056068
0.02614785992217899,0.8667139815471966
0.026459143968871595,0.8674237047551455
0.026459143968871595,0.8675656493967353
0.0266147859922179,0.8675656493967353
0.0266147859922179,0.8677075940383251
0.0267704280155642,0.8677075940383251
0.027081712062256808,0.8687012065294535
0.027237354085603113,0.8687012065294535
0.027237354085603113,0.8689850958126331
0.027392996108949415,0.8698367636621718
0.027392996108949415,0.8705464868701207
0.02754863813229572,0.8705464868701207
0.02754863813229572,0.8706884315117104
0.028171206225680933,0.8716820440028389
0.028171206225680933,0.8719659332860185
0.028638132295719845,0.8719659332860185
0.028638132295719845,0.8723917672107878
0.028638132295719845,0.8732434350603264
0.028793774319066146,0.8732434350603264
0.028793774319066146,0.8743789921930447
0.029105058365758756,0.8748048261178141
0.029105058365758756,0.8750887154009936
0.029416342412451363,0.8750887154009936
0.029416342412451363,0.8752306600425834
0.029571984435797664,0.8752306600425834
0.029571984435797664,0.8753726046841732
0.02988326848249027,0.8756564939673527
0.030038910505836576,0.8756564939673527
0.030038910505836576,0.876082327892122
0.030038910505836576,0.8765081618168914
0.030038910505836576,0.876792051100071
0.030038910505836576,0.8770759403832505
0.030038910505836576,0.8772178850248403
0.030505836575875488,0.8779276082327893
0.030505836575875488,0.8784953867991483
0.030817120622568094,0.8784953867991483
0.030817120622568094,0.8786373314407381
0.030817120622568094,0.8789212207239177
0.030817120622568094,0.8792051100070972
0.030972762645914396,0.8792051100070972
0.030972762645914396,0.879347054648687
0.0311284046692607,0.8801987224982257
0.0311284046692607,0.8807665010645848
0.031284046692607,0.8807665010645848
0.031284046692607,0.8816181689141235
0.031439688715953304,0.8816181689141235
0.031439688715953304,0.8817601135557133
0.032062256809338524,0.882611781405252
0.03299610894941634,0.8836053938963804
0.03299610894941634,0.8837473385379702
0.03299610894941634,0.8840312278211497
0.03315175097276265,0.8840312278211497
0.03315175097276265,0.8841731724627395
0.03330739299610895,0.8841731724627395
0.03330739299610895,0.8845990063875089
0.03377431906614786,0.8853087295954578
0.033929961089494164,0.8853087295954578
0.033929961089494164,0.8855926188786374
0.034085603112840465,0.8855926188786374
0.034085603112840465,0.8857345635202271
0.03470817120622568,0.8857345635202271
0.03486381322957199,0.8863023420865862
0.03486381322957199,0.8868701206529453
0.03486381322957199,0.8871540099361249
0.03486381322957199,0.8877217885024841
0.03501945525291829,0.8877217885024841
0.03501945525291829,0.8880056777856636
0.03533073929961089,0.8880056777856636
0.03595330739299611,0.888999290276792
0.036264591439688715,0.888999290276792
0.036264591439688715,0.8891412349183818
0.036575875486381325,0.8891412349183818
0.036575875486381325,0.8892831795599716
0.036575875486381325,0.8905606813342797
0.036575875486381325,0.8907026259758695
0.036731517509727626,0.8907026259758695
0.036731517509727626,0.8908445706174591
0.03688715953307393,0.8908445706174591
0.03688715953307393,0.8911284599006387
0.03719844357976654,0.8911284599006387
0.03719844357976654,0.8916962384669979
0.03735408560311284,0.8916962384669979
0.03735408560311284,0.8918381831085876
0.03766536964980545,0.8918381831085876
0.03766536964980545,0.8933995741660752
0.03766536964980545,0.8938254080908445
0.03766536964980545,0.8939673527324343
0.03782101167315175,0.8939673527324343
0.03782101167315175,0.8941092973740241
0.03813229571984436,0.8941092973740241
0.038443579766536964,0.8945351312987935
0.038443579766536964,0.894819020581973
0.038599221789883266,0.894819020581973
0.038599221789883266,0.8956706884315118
0.038599221789883266,0.8959545777146912
0.038910505836575876,0.8959545777146912
0.03922178988326848,0.8966643009226402
0.03953307392996109,0.8966643009226402
0.03953307392996109,0.8973740241305891
0.03968871595330739,0.8973740241305891
0.03968871595330739,0.8975159687721789
0.0398443579766537,0.898083747338538
0.0401556420233463,0.898083747338538
0.0401556420233463,0.8983676366217175
0.04124513618677043,0.8983676366217175
0.04155642023346304,0.899361249112846
0.04155642023346304,0.8995031937544358
0.04171206225680934,0.8995031937544358
0.04171206225680934,0.8996451383960256
0.04186770428015564,0.8996451383960256
0.042490272373540854,0.9003548616039745
0.042490272373540854,0.9009226401703335
0.04264591439688716,0.9009226401703335
0.04264591439688716,0.9010645848119233
0.042801556420233464,0.9010645848119233
0.042801556420233464,0.9012065294535131
0.042957198443579765,0.9012065294535131
0.042957198443579765,0.9013484740951029
0.04311284046692607,0.9013484740951029
0.04311284046692607,0.9014904187366927
0.043268482490272375,0.9014904187366927
0.04342412451361868,0.9016323633782825
0.04342412451361868,0.901916252661462
0.04357976653696498,0.901916252661462
0.04357976653696498,0.9020581973030518
0.04389105058365759,0.9020581973030518
0.04420233463035019,0.9020581973030518
0.0445136186770428,0.9020581973030518
0.0446692607003891,0.902625975869411
0.0446692607003891,0.9027679205110007
0.04482490272373541,0.9027679205110007
0.04482490272373541,0.9030518097941803
0.04498054474708171,0.9030518097941803
0.04498054474708171,0.9031937544357701
0.045447470817120625,0.9040454222853087
0.045447470817120625,0.9044712562100781
0.045603112840466926,0.9044712562100781
0.045603112840466926,0.9047551454932576
0.04607003891050584,0.9050390347764372
0.04607003891050584,0.9053229240596168
0.04607003891050584,0.9056068133427964
0.04622568093385214,0.9056068133427964
0.04653696498054475,0.9063165365507452
0.04669260700389105,0.9063165365507452
0.04669260700389105,0.9066004258339248
0.04669260700389105,0.9068843151171043
0.04684824902723735,0.9068843151171043
0.047003891050583654,0.9075940383250533
0.047315175097276264,0.9075940383250533
0.047315175097276264,0.9080198722498226
0.047470817120622566,0.9080198722498226
0.047470817120622566,0.9081618168914124
0.047782101167315176,0.9081618168914124
0.047782101167315176,0.9084457061745919
0.04856031128404669,0.9087295954577714
0.04856031128404669,0.909013484740951
0.0488715953307393,0.909013484740951
0.0488715953307393,0.9092973740241306
0.0490272373540856,0.9095812633073102
0.04933852140077821,0.9095812633073102
0.04933852140077821,0.9098651525904897
0.049805447470817124,0.9105748757984387
0.049961089494163426,0.9105748757984387
0.049961089494163426,0.9107168204400284
0.05011673151750973,0.9107168204400284
0.05027237354085603,0.9111426543647977
0.05042801556420234,0.9111426543647977
0.05042801556420234,0.9112845990063875
0.05058365758754864,0.9114265436479773
0.05089494163424124,0.9114265436479773
0.05089494163424124,0.9117104329311568
0.05089494163424124,0.9124201561391058
0.05105058365758755,0.9124201561391058
0.051361867704280154,0.9125621007806956
0.051361867704280154,0.9127040454222853
0.05151750972762646,0.9127040454222853
0.05151750972762646,0.9128459900638751
0.051828793774319065,0.9128459900638751
0.051828793774319065,0.9129879347054649
0.05229571984435798,0.9132718239886445
0.05276264591439689,0.9132718239886445
0.05276264591439689,0.9135557132718239
0.05307392996108949,0.9136976579134137
0.0535408560311284,0.9136976579134137
0.0535408560311284,0.9138396025550035
0.053696498054474705,0.9138396025550035
0.05385214007782101,0.9145493257629524
0.05385214007782101,0.914833215046132
0.05385214007782101,0.9149751596877218
0.054007782101167315,0.9149751596877218
0.054163424124513616,0.9151171043293116
0.054319066147859925,0.9151171043293116
0.05463035019455253,0.9156848828956707
0.05463035019455253,0.9159687721788502
0.05478599221789883,0.9159687721788502
0.05478599221789883,0.91611071682044
0.05525291828793774,0.91611071682044
0.05525291828793774,0.9163946061036196
0.05556420233463035,0.9168204400283889
0.05556420233463035,0.9172462739531583
0.05556420233463035,0.9175301632363378
0.05571984435797665,0.9175301632363378
0.05571984435797665,0.9179559971611072
0.05603112840466926,0.9179559971611072
0.05680933852140078,0.9182398864442868
0.05680933852140078,0.9183818310858765
0.05696498054474708,0.9183818310858765
0.05696498054474708,0.918665720369056
0.05727626459143969,0.9188076650106458
0.05758754863813229,0.9188076650106458
0.05758754863813229,0.919375443577005
0.0577431906614786,0.919375443577005
0.0577431906614786,0.9196593328601845
0.0577431906614786,0.9198012775017743
0.058054474708171204,0.9203690560681335
0.058365758754863814,0.9203690560681335
0.058365758754863814,0.9205110007097232
0.058521400778210116,0.9205110007097232
0.058521400778210116,0.920652945351313
0.05898832684824903,0.9209368346344925
0.05898832684824903,0.9213626685592619
0.05914396887159533,0.9213626685592619
0.05914396887159533,0.9215046132008516
0.05945525291828794,0.9215046132008516
0.05945525291828794,0.9216465578424414
0.05961089494163424,0.9220723917672108
0.05976653696498054,0.9222143364088006
0.060233463035019454,0.9222143364088006
0.060700389105058365,0.9224982256919801
0.061011673151750975,0.9224982256919801
0.061011673151750975,0.9227821149751597
0.06132295719844358,0.9227821149751597
0.06132295719844358,0.9229240596167495
0.06178988326848249,0.9230660042583393
0.06178988326848249,0.9233498935415189
0.06194552529182879,0.9233498935415189
0.06194552529182879,0.9234918381831085
0.0624124513618677,0.9234918381831085
0.06272373540856031,0.9234918381831085
0.06287937743190661,0.9234918381831085
0.06319066147859922,0.9236337828246983
0.06319066147859922,0.9237757274662881
0.06365758754863814,0.9237757274662881
0.06365758754863814,0.9240596167494677
0.06412451361867705,0.924485450674237
0.06428015564202334,0.924485450674237
0.06428015564202334,0.9246273953158268
0.06459143968871596,0.925195173882186
0.06474708171206225,0.925195173882186
0.06474708171206225,0.9253371185237758
0.06505836575875486,0.9253371185237758
0.06568093385214008,0.9256210078069553
0.06614785992217899,0.9256210078069553
0.06614785992217899,0.9257629524485451
0.0663035019455253,0.9257629524485451
0.06645914396887159,0.9261887863733144
0.0666147859922179,0.9261887863733144
0.0666147859922179,0.9263307310149042
0.0666147859922179,0.9266146202980837
0.0666147859922179,0.9267565649396735
0.06708171206225681,0.9268985095812633
0.06708171206225681,0.9270404542228531
0.06739299610894942,0.9270404542228531
0.06739299610894942,0.9271823988644429
0.06739299610894942,0.9274662881476224
0.06754863813229572,0.9274662881476224
0.06832684824902724,0.9280340667139816
0.06832684824902724,0.9281760113555714
0.06879377431906615,0.9281760113555714
0.06879377431906615,0.9283179559971612
0.06957198443579767,0.9288857345635202
0.06957198443579767,0.9291696238466998
0.06972762645914397,0.9291696238466998
0.06972762645914397,0.9295954577714691
0.07003891050583658,0.9303051809794181
0.07035019455252918,0.9303051809794181
0.07035019455252918,0.9307310149041874
0.07066147859922178,0.9307310149041874
0.071284046692607,0.9310149041873669
0.07190661478599222,0.9310149041873669
0.07190661478599222,0.9314407381121362
0.07206225680933852,0.9314407381121362
0.07252918287937743,0.9314407381121362
0.07284046692607003,0.9314407381121362
0.07330739299610894,0.9321504613200852
0.07330739299610894,0.932292405961675
0.07346303501945525,0.932292405961675
0.07346303501945525,0.9325762952448545
0.07439688715953308,0.9325762952448545
0.07439688715953308,0.9327182398864443
0.07501945525291828,0.9330021291696239
0.07501945525291828,0.9334279630943931
0.0754863813229572,0.9334279630943931
0.0754863813229572,0.9335699077359829
0.0756420233463035,0.9335699077359829
0.0756420233463035,0.9337118523775727
0.07579766536964981,0.9338537970191625
0.07610894941634241,0.9338537970191625
0.07610894941634241,0.9341376863023421
0.07642023346303502,0.9341376863023421
0.07688715953307393,0.9351312987934706
0.07735408560311284,0.9351312987934706
0.07735408560311284,0.9352732434350604
0.07750972762645915,0.9352732434350604
0.07875486381322958,0.9359829666430092
0.07875486381322958,0.936124911284599
0.07906614785992218,0.936124911284599
0.07906614785992218,0.9364088005677785
0.08015564202334631,0.9365507452093683
0.08046692607003891,0.9365507452093683
0.08046692607003891,0.9366926898509581
0.08093385214007782,0.9366926898509581
0.08093385214007782,0.9368346344925479
0.08108949416342412,0.9368346344925479
0.08186770428015565,0.9368346344925479
0.08186770428015565,0.9372604684173172
0.08202334630350194,0.937402413058907
0.08217898832684825,0.937402413058907
0.08217898832684825,0.9376863023420866
0.08249027237354085,0.9376863023420866
0.08249027237354085,0.9379701916252662
0.08280155642023346,0.9389638041163946
0.08280155642023346,0.9393896380411639
0.08311284046692607,0.9393896380411639
0.08311284046692607,0.9395315826827537
0.08342412451361868,0.9405251951738822
0.08342412451361868,0.940667139815472
0.0840466926070039,0.940667139815472
0.08498054474708171,0.9408090844570618
0.08560311284046693,0.9408090844570618
0.08560311284046693,0.9409510290986516
0.08607003891050584,0.9409510290986516
0.08638132295719844,0.9409510290986516
0.08669260700389105,0.9409510290986516
0.08700389105058366,0.9409510290986516
0.08715953307392996,0.9409510290986516
0.08949416342412451,0.9425124201561391
0.08980544747081712,0.9425124201561391
0.09027237354085603,0.9427963094393187
0.09042801556420234,0.9427963094393187
0.09042801556420234,0.9429382540809085
0.09058365758754863,0.9429382540809085
0.09058365758754863,0.9430801987224983
0.09073929961089494,0.9430801987224983
0.09073929961089494,0.943222143364088
0.09105058365758754,0.943222143364088
0.09105058365758754,0.9437899219304471
0.09105058365758754,0.9440738112136267
0.09136186770428016,0.9440738112136267
0.09182879377431907,0.944499645138396
0.09214007782101168,0.944499645138396
0.09214007782101168,0.9446415897799858
0.09245136186770428,0.9446415897799858
0.09245136186770428,0.9449254790631654
0.09276264591439688,0.9449254790631654
0.09276264591439688,0.945209368346345
0.0930739299610895,0.9453513129879347
0.0930739299610895,0.9454932576295245
0.0932295719844358,0.9454932576295245
0.0936964980544747,0.9454932576295245
0.0936964980544747,0.9456352022711143
0.09385214007782101,0.9456352022711143
0.09385214007782101,0.9457771469127041
0.09400778210116731,0.9457771469127041
0.09431906614785993,0.9463449254790631
0.09447470817120622,0.9463449254790631
0.09447470817120622,0.9464868701206529
0.09463035019455253,0.9464868701206529
0.09494163424124513,0.9464868701206529
0.09494163424124513,0.9466288147622427
0.09525291828793775,0.9466288147622427
0.09525291828793775,0.9469127040454223
0.09571984435797666,0.9469127040454223
0.09571984435797666,0.9470546486870121
0.09603112840466926,0.9470546486870121
0.09634241245136187,0.9474804826117814
0.09649805447470818,0.9474804826117814
0.09680933852140078,0.9474804826117814
0.09696498054474709,0.9474804826117814
0.0975875486381323,0.9483321504613201
0.0978988326848249,0.9483321504613201
0.0978988326848249,0.9484740951029099
0.0980544747081712,0.9484740951029099
0.0980544747081712,0.9486160397444996
0.09836575875486381,0.9486160397444996
0.09883268482490272,0.9491838183108587
0.09883268482490272,0.9494677075940383
0.09898832684824903,0.9497515968772179
0.09898832684824903,0.9498935415188077
0.09945525291828794,0.9498935415188077
0.10007782101167315,0.9500354861603975
0.10054474708171206,0.9500354861603975
0.10101167315175097,0.9506032647267566
0.10116731517509728,0.9506032647267566
0.10116731517509728,0.9507452093683464
0.10147859922178988,0.9507452093683464
0.10147859922178988,0.9508871540099362
0.10194552529182879,0.9511710432931156
0.10194552529182879,0.9513129879347054
0.10303501945525292,0.9513129879347054
0.10350194552529182,0.9514549325762952
0.10365758754863813,0.9514549325762952
0.10365758754863813,0.951596877217885
0.10396887159533073,0.951596877217885
0.10396887159533073,0.9521646557842441
0.10505836575875487,0.9525904897090135
0.10521400778210117,0.9525904897090135
0.10521400778210117,0.9527324343506033
0.10568093385214007,0.9527324343506033
0.10568093385214007,0.9528743789921931
0.10614785992217898,0.9528743789921931
0.10614785992217898,0.9530163236337829
0.10630350194552529,0.9530163236337829
0.1066147859922179,0.9530163236337829
0.10785992217898832,0.9530163236337829
0.10801556420233463,0.9530163236337829
0.10801556420233463,0.9531582682753726
0.10894941634241245,0.9531582682753726
0.10941634241245136,0.9537260468417317
0.10941634241245136,0.9538679914833215
0.10957198443579766,0.9538679914833215
0.10957198443579766,0.954151880766501
0.10972762645914397,0.954151880766501
0.11003891050583657,0.954151880766501
0.1108171206225681,0.9542938254080908
0.1109727626459144,0.9542938254080908
0.1109727626459144,0.9544357700496806
0.1114396887159533,0.9544357700496806
0.11221789883268482,0.9547196593328602
0.11330739299610895,0.9547196593328602
0.11330739299610895,0.95486160397445
0.11346303501945525,0.95486160397445
0.11424124513618678,0.9552874378992193
0.11470817120622569,0.9552874378992193
0.11470817120622569,0.9554293825408091
0.11517509727626458,0.9554293825408091
0.11517509727626458,0.9555713271823989
0.1154863813229572,0.9555713271823989
0.11626459143968872,0.9558552164655785
0.11626459143968872,0.9559971611071683
0.11657587548638132,0.9559971611071683
0.11673151750972763,0.9561391057487579
0.11673151750972763,0.9562810503903477
0.11704280155642023,0.9562810503903477
0.11704280155642023,0.9564229950319375
0.11782101167315175,0.9568488289567069
0.11828793774319066,0.9568488289567069
0.11875486381322957,0.9572746628814762
0.11875486381322957,0.957416607523066
0.11906614785992217,0.957416607523066
0.11937743190661479,0.957416607523066
0.1201556420233463,0.957416607523066
0.12062256809338522,0.9579843860894252
0.12093385214007782,0.9579843860894252
0.12093385214007782,0.9582682753726047
0.12108949416342413,0.9582682753726047
0.12108949416342413,0.9584102200141945
0.12186770428015564,0.9585521646557842
0.12233463035019455,0.9585521646557842
0.12233463035019455,0.958694109297374
0.12280155642023347,0.958694109297374
0.12326848249027238,0.9589779985805535
0.12357976653696498,0.9589779985805535
0.1242023346303502,0.9594038325053229
0.12529182879377432,0.9594038325053229
0.12607003891050583,0.9595457771469127
0.12607003891050583,0.959971611071682
0.12684824902723735,0.959971611071682
0.1280933852140078,0.9602555003548616
0.12856031128404669,0.9602555003548616
0.12856031128404669,0.9603974449964514
0.1290272373540856,0.9603974449964514
0.1290272373540856,0.9605393896380412
0.1293385214007782,0.9605393896380412
0.12980544747081713,0.960681334279631
0.12980544747081713,0.9609652235628106
0.13011673151750971,0.9609652235628106
0.13011673151750971,0.9611071682044002
0.13027237354085602,0.9611071682044002
0.13058365758754864,0.9613910574875798
0.13105058365758754,0.9613910574875798
0.13167315175097277,0.9616749467707594
0.1326070038910506,0.9616749467707594
0.1326070038910506,0.9618168914123492
0.13276264591439688,0.9618168914123492
0.13276264591439688,0.961958836053939
0.1332295719844358,0.961958836053939
0.1332295719844358,0.9622427253371185
0.133852140077821,0.9622427253371185
0.133852140077821,0.9625266146202981
0.13400778210116732,0.9625266146202981
0.13400778210116732,0.9626685592618879
0.13463035019455252,0.9626685592618879
0.13463035019455252,0.9628105039034777
0.13525291828793776,0.9635202271114266
0.13618677042801555,0.9635202271114266
0.13712062256809338,0.9638041163946061
0.1378988326848249,0.9638041163946061
0.13898832684824902,0.9639460610361958
0.13945525291828795,0.9639460610361958
0.14085603112840467,0.9643718949609652
0.1417898832684825,0.9643718949609652
0.1417898832684825,0.964513839602555
0.1419455252918288,0.964513839602555
0.14334630350194552,0.964513839602555
0.14412451361867704,0.964513839602555
0.14474708171206227,0.9646557842441448
0.14583657587548637,0.9646557842441448
0.14708171206225681,0.9647977288857346
0.1473929961089494,0.9647977288857346
0.1473929961089494,0.9649396735273243
0.14801556420233464,0.9649396735273243
0.14801556420233464,0.9650816181689141
0.14863813229571984,0.9653655074520937
0.14941634241245136,0.9653655074520937
0.14972762645914398,0.9653655074520937
0.14972762645914398,0.9655074520936835
0.15035019455252918,0.9657913413768631
0.1509727626459144,0.9657913413768631
0.151284046692607,0.9657913413768631
0.15221789883268483,0.9657913413768631
0.15221789883268483,0.9659332860184529
0.15299610894941634,0.9659332860184529
0.15361867704280155,0.9659332860184529
0.15361867704280155,0.9660752306600426
0.15392996108949417,0.9660752306600426
0.15517509727626458,0.9662171753016323
0.1553307392996109,0.9662171753016323
0.1553307392996109,0.9663591199432221
0.1556420233463035,0.9663591199432221
0.15657587548638133,0.967068843151171
0.15657587548638133,0.9673527324343506
0.15813229571984436,0.9673527324343506
0.15891050583657587,0.9674946770759404
0.15906614785992218,0.9674946770759404
0.15906614785992218,0.9676366217175302
0.1592217898832685,0.9676366217175302
0.16124513618677042,0.9686302342086586
0.16217898832684824,0.9687721788502484
0.16280155642023347,0.9687721788502484
0.16404669260700389,0.9691980127750177
0.1642023346303502,0.9691980127750177
0.1642023346303502,0.9693399574166075
0.1643579766536965,0.9694819020581973
0.1646692607003891,0.9694819020581973
0.16575875486381322,0.9696238466997871
0.16684824902723736,0.9696238466997871
0.16684824902723736,0.9697657913413769
0.16700389105058366,0.9697657913413769
0.1680933852140078,0.9699077359829666
0.1680933852140078,0.9700496806245564
0.16824902723735408,0.9700496806245564
0.16824902723735408,0.9701916252661462
0.168715953307393,0.9701916252661462
0.16964980544747083,0.9704755145493258
0.17011673151750972,0.9704755145493258
0.17011673151750972,0.9707594038325054
0.17073929961089493,0.9707594038325054
0.17073929961089493,0.9709013484740951
0.17089494163424124,0.9709013484740951
0.172295719844358,0.9709013484740951
0.1729182879377432,0.9709013484740951
0.1730739299610895,0.9710432931156849
0.1732295719844358,0.9710432931156849
0.1732295719844358,0.9711852377572746
0.17447470817120622,0.971611071682044
0.17447470817120622,0.9717530163236338
0.17463035019455253,0.9717530163236338
0.17463035019455253,0.9720369056068133
0.17525291828793774,0.9720369056068133
0.17587548638132297,0.9720369056068133
0.17603112840466925,0.9720369056068133
0.17603112840466925,0.9721788502484031
0.17618677042801556,0.9721788502484031
0.17618677042801556,0.9723207948899929
0.17649805447470818,0.9723207948899929
0.17649805447470818,0.9724627395315827
0.17821011673151751,0.9726046841731725
0.1785214007782101,0.9726046841731725
0.1786770428015564,0.9726046841731725
0.1786770428015564,0.9727466288147623
0.17961089494163424,0.9727466288147623
0.17976653696498054,0.972888573456352
0.17992217898832685,0.972888573456352
0.17992217898832685,0.9730305180979418
0.18007782101167316,0.9730305180979418
0.18116731517509727,0.9733144073811214
0.18194552529182878,0.9733144073811214
0.1830350194552529,0.97416607523066
0.18459143968871594,0.97416607523066
0.1859922178988327,0.9743080198722498
0.1859922178988327,0.9744499645138396
0.1866147859922179,0.9744499645138396
0.1866147859922179,0.9745919091554294
0.1867704280155642,0.9745919091554294
0.1867704280155642,0.9747338537970192
0.18879377431906616,0.9750177430801987
0.18910505836575875,0.9750177430801987
0.18941634241245137,0.9750177430801987
0.18988326848249026,0.9750177430801987
0.19066147859922178,0.9754435770049681
0.19066147859922178,0.9755855216465579
0.1908171206225681,0.9755855216465579
0.1908171206225681,0.9757274662881477
0.19206225680933853,0.9757274662881477
0.19392996108949417,0.9761533002129169
0.1954863813229572,0.9761533002129169
0.1954863813229572,0.9762952448545067
0.19704280155642023,0.9764371894960965
0.19704280155642023,0.9765791341376863
0.19719844357976654,0.9765791341376863
0.19937743190661478,0.9765791341376863
0.19953307392996109,0.9765791341376863
0.19953307392996109,0.976721078779276
0.1998443579766537,0.976721078779276
0.1998443579766537,0.9768630234208658
0.2004669260700389,0.9768630234208658
0.2004669260700389,0.9770049680624556
0.20077821011673153,0.9770049680624556
0.20295719844357976,0.9771469127040454
0.20311284046692607,0.9771469127040454
0.20311284046692607,0.9772888573456352
0.20326848249027238,0.9772888573456352
0.20326848249027238,0.9775727466288148
0.20373540856031128,0.9775727466288148
0.2042023346303502,0.9778566359119943
0.2045136186770428,0.9778566359119943
0.20544747081712061,0.9778566359119943
0.20544747081712061,0.9781405251951739
0.20669260700389105,0.9782824698367637
0.20700389105058364,0.9782824698367637
0.20700389105058364,0.9784244144783535
0.20747081712062257,0.9784244144783535
0.208715953307393,0.9785663591199433
0.208715953307393,0.9788502484031227
0.21058365758754863,0.9788502484031227
0.21198443579766538,0.9789921930447125
0.21229571984435797,0.9789921930447125
0.2132295719844358,0.9789921930447125
0.2132295719844358,0.9791341376863023
0.2135408560311284,0.9791341376863023
0.21385214007782102,0.9791341376863023
0.21556420233463036,0.9792760823278921
0.21587548638132295,0.9792760823278921
0.21618677042801557,0.9792760823278921
0.21680933852140077,0.9792760823278921
0.2177431906614786,0.9795599716110717
0.21914396887159532,0.9795599716110717
0.22054474708171207,0.9798438608942512
0.22116731517509727,0.9798438608942512
0.22303501945525292,0.9801277501774308
0.22365758754863813,0.9801277501774308
0.22568093385214008,0.9804116394606104
0.2267704280155642,0.9804116394606104
0.2270817120622568,0.9804116394606104
0.22972762645914396,0.9804116394606104
0.2308171206225681,0.9804116394606104
0.2311284046692607,0.9804116394606104
0.2311284046692607,0.9805535841022002
0.23221789883268482,0.9805535841022002
0.23377431906614787,0.98069552874379
0.2353307392996109,0.98069552874379
0.23657587548638132,0.9814052519517388
0.23688715953307393,0.9814052519517388
0.23688715953307393,0.9815471965933286
0.23813229571984434,0.9815471965933286
0.24,0.9816891412349183
0.24140077821011674,0.9816891412349183
0.24342412451361867,0.9819730305180979
0.2443579766536965,0.9819730305180979
0.24607003891050583,0.9819730305180979
0.24700389105058365,0.9819730305180979
0.24700389105058365,0.9821149751596877
0.24793774319066147,0.9821149751596877
0.24996108949416343,0.9821149751596877
0.2507392996108949,0.9821149751596877
0.2527626459143969,0.9825408090844571
0.2536964980544747,0.9825408090844571
0.25385214007782103,0.9826827537260469
0.25494163424124516,0.9826827537260469
0.2569649805447471,0.9828246983676366
0.25758754863813227,0.9828246983676366
0.2578988326848249,0.9828246983676366
0.2580544747081712,0.9828246983676366
0.25836575875486384,0.9828246983676366
0.2585214007782101,0.9828246983676366
0.26085603112840466,0.9831085876508162
0.26085603112840466,0.983250532292406
0.2619455252918288,0.983250532292406
0.2644357976653697,0.9835344215755856
0.2649027237354086,0.9835344215755856
0.2652140077821012,0.9835344215755856
0.2652140077821012,0.9836763662171752
0.266147859922179,0.9836763662171752
0.26832684824902725,0.9836763662171752
0.26863813229571987,0.9836763662171752
0.26863813229571987,0.983818310858765
0.26957198443579766,0.983818310858765
0.2698832684824903,0.983818310858765
0.2706614785992218,0.983818310858765
0.27330739299610896,0.9841022001419446
0.27501945525291827,0.9841022001419446
0.2768871595330739,0.9841022001419446
0.27875486381322956,0.9841022001419446
0.2810894941634241,0.984528034066714
0.28171206225680934,0.984528034066714
0.2818677042801556,0.9846699787083038
0.2818677042801556,0.9848119233498935
0.28295719844357975,0.9848119233498935
0.2852918287937743,0.9849538679914833
0.2856031128404669,0.9849538679914833
0.2859143968871595,0.9849538679914833
0.2859143968871595,0.9850958126330731
0.28607003891050586,0.9850958126330731
0.28824902723735407,0.9852377572746629
0.2896498054474708,0.9852377572746629
0.28996108949416344,0.9852377572746629
0.29027237354085605,0.9852377572746629
0.2930739299610895,0.9853797019162527
0.2935408560311284,0.9853797019162527
0.2935408560311284,0.9856635911994323
0.2940077821011673,0.9856635911994323
0.29494163424124514,0.9856635911994323
0.29525291828793776,0.9856635911994323
0.2983657587548638,0.9859474804826118
0.29992217898832685,0.9859474804826118
0.3028793774319066,0.9862313697657913
0.3030350194552529,0.9862313697657913
0.3035019455252918,0.9862313697657913
0.3042801556420233,0.9862313697657913
0.30459143968871594,0.9862313697657913
0.30490272373540855,0.9862313697657913
0.309727626459144,0.9863733144073811
0.3111284046692607,0.9863733144073811
0.31346303501945527,0.9865152590489709
0.31392996108949417,0.9865152590489709
0.31392996108949417,0.9867991483321504
0.3150194552529183,0.9867991483321504
0.3179766536964981,0.9869410929737402
0.3179766536964981,0.98708303761533
0.31813229571984436,0.98708303761533
0.31813229571984436,0.9872249822569198
0.318443579766537,0.9872249822569198
0.3187548638132296,0.9872249822569198
0.3189105058365759,0.9872249822569198
0.3189105058365759,0.9873669268985096
0.3201556420233463,0.9873669268985096
0.32249027237354083,0.9876508161816892
0.3229571984435798,0.9876508161816892
0.3229571984435798,0.9877927608232789
0.3243579766536965,0.9877927608232789
0.3279377431906615,0.9877927608232789
0.3279377431906615,0.9879347054648687
0.32856031128404667,0.9879347054648687
0.32856031128404667,0.9880766501064585
0.3296498054474708,0.9880766501064585
0.3299610894941634,0.9880766501064585
0.33058365758754865,0.9880766501064585
0.33478599221789884,0.9883605393896381
0.33478599221789884,0.9885024840312279
0.33525291828793774,0.9885024840312279
0.33556420233463036,0.9885024840312279
0.335875486381323,0.9885024840312279
0.335875486381323,0.9886444286728177
0.33649805447470815,0.9886444286728177
0.33680933852140077,0.9886444286728177
0.33976653696498055,0.9890702625975869
0.34023346303501945,0.9890702625975869
0.34054474708171206,0.9890702625975869
0.34070038910505834,0.9890702625975869
0.34070038910505834,0.9892122072391767
0.3431906614785992,0.9892122072391767
0.34599221789883267,0.9894960965223563
0.34848249027237355,0.9894960965223563
0.35221789883268484,0.989638041163946
0.35252918287937746,0.989638041163946
0.35252918287937746,0.9897799858055358
0.35315175097276263,0.9897799858055358
0.35346303501945525,0.9897799858055358
0.3540856031128405,0.9897799858055358
0.3598443579766537,0.9900638750887154
0.36093385214007784,0.9900638750887154
0.36093385214007784,0.9902058197303052
0.36140077821011674,0.9902058197303052
0.36171206225680935,0.9902058197303052
0.36186770428015563,0.9902058197303052
0.36669260700389106,0.9904897090134848
0.3670038910505837,0.9904897090134848
0.36715953307392996,0.9906316536550746
0.36840466926070037,0.9906316536550746
0.36840466926070037,0.9907735982966643
0.3688715953307393,0.9907735982966643
0.3724513618677043,0.9910574875798439
0.3724513618677043,0.9911994322214337
0.3729182879377432,0.9911994322214337
0.3729182879377432,0.9913413768630234
0.3740077821011673,0.9913413768630234
0.3785214007782101,0.9914833215046132
0.38007782101167314,0.9914833215046132
0.38007782101167314,0.9916252661462029
0.38054474708171204,0.9916252661462029
0.38054474708171204,0.9917672107877927
0.3811673151750973,0.9917672107877927
0.38536964980544747,0.9926188786373314
0.3856809338521401,0.9926188786373314
0.3856809338521401,0.9927608232789212
0.3859922178988327,0.9927608232789212
0.3864591439688716,0.9927608232789212
0.3866147859922179,0.9927608232789212
0.3869260700389105,0.9927608232789212
0.3872373540856031,0.9927608232789212
0.38754863813229573,0.9927608232789212
0.3881712062256809,0.9927608232789212
0.39237354085603116,0.9931866572036906
0.39330739299610895,0.9931866572036906
0.39330739299610895,0.9933286018452804
0.3943968871595331,0.9933286018452804
0.3947081712062257,0.9933286018452804
0.3959533073929961,0.9933286018452804
0.40124513618677043,0.99361249112846
0.40124513618677043,0.9938963804116394
0.40171206225680933,0.9938963804116394
0.40202334630350195,0.9938963804116394
0.4046692607003891,0.9938963804116394
0.41027237354085605,0.994180269694819
0.41151750972762646,0.994180269694819
0.41151750972762646,0.9943222143364088
0.412295719844358,0.9943222143364088
0.412295719844358,0.9944641589779986
0.4126070038910506,0.9944641589779986
0.4130739299610895,0.9944641589779986
0.4130739299610895,0.9946061036195883
0.4177431906614786,0.9946061036195883
0.42116731517509726,0.9946061036195883
0.4258365758754864,0.9947480482611781
0.42692607003891053,0.9947480482611781
0.4272373540856031,0.9947480482611781
0.4280155642023346,0.9947480482611781
0.4280155642023346,0.9950319375443577
0.4287937743190661,0.9950319375443577
0.4342412451361868,0.9953158268275373
0.43439688715953306,0.9953158268275373
0.4347081712062257,0.9953158268275373
0.4356420233463035,0.9953158268275373
0.4359533073929961,0.9953158268275373
0.43828793774319064,0.9953158268275373
0.4440466926070039,0.9954577714691271
0.44653696498054474,0.9954577714691271
0.44684824902723735,0.9954577714691271
0.4479377431906615,0.9954577714691271
0.4544747081712062,0.9955997161107168
0.45571984435797663,0.9955997161107168
0.45571984435797663,0.9957416607523066
0.4582101167315175,0.9957416607523066
0.4582101167315175,0.9958836053938964
0.46552529182879376,0.996167494677076
0.4673929961089494,0.996167494677076
0.467704280155642,0.996167494677076
0.4681712062256809,0.996167494677076
0.46879377431906616,0.996167494677076
0.46941634241245134,0.996167494677076
0.47766536964980544,0.9963094393186657
0.4796887159533074,0.9963094393186657
0.4801556420233463,0.9963094393186657
0.4806225680933852,0.9963094393186657
0.48093385214007783,0.9963094393186657
0.4823346303501945,0.9963094393186657
0.4910505836575875,0.9964513839602555
0.49136186770428014,0.9964513839602555
0.49167315175097276,0.9964513839602555
0.49214007782101166,0.9964513839602555
0.4924513618677043,0.9964513839602555
0.4943190661478599,0.9964513839602555
0.4943190661478599,0.9965933286018452
0.5024124513618677,0.9968772178850248
0.502568093385214,0.9968772178850248
0.5028793774319066,0.9968772178850248
0.5038132295719845,0.9968772178850248
0.5042801556420233,0.9968772178850248
0.5049027237354086,0.9968772178850248
0.5052140077821011,0.9968772178850248
0.5053696498054475,0.9968772178850248
0.5053696498054475,0.9970191625266146
0.5139299610894942,0.9971611071682044
0.514863813229572,0.9971611071682044
0.5151750972762645,0.9971611071682044
0.5156420233463035,0.9971611071682044
0.5161089494163424,0.9971611071682044
0.5162645914396887,0.9971611071682044
0.5167315175097277,0.9971611071682044
0.5170428015564202,0.9971611071682044
0.5170428015564202,0.997444996451384
0.5176653696498055,0.997444996451384
0.5276264591439689,0.997444996451384
0.5298054474708171,0.997444996451384
0.530272373540856,0.997444996451384
0.5307392996108949,0.997444996451384
0.5310505836575875,0.997444996451384
0.5313618677042802,0.997444996451384
0.5425680933852141,0.9975869410929737
0.5438132295719844,0.9975869410929737
0.5439688715953307,0.9977288857345635
0.5453696498054474,0.9977288857345635
0.5551750972762646,0.9978708303761533
0.5567315175097276,0.9978708303761533
0.5573540856031128,0.9978708303761533
0.5576653696498054,0.9978708303761533
0.5579766536964981,0.9978708303761533
0.5581322957198444,0.9978708303761533
0.5587548638132296,0.9978708303761533
0.5592217898832684,0.9978708303761533
0.5595330739299611,0.9978708303761533
0.5603112840466926,0.9978708303761533
0.5606225680933852,0.9978708303761533
0.5610894941634241,0.9978708303761533
0.5724513618677043,0.9980127750177431
0.5726070038910506,0.9980127750177431
0.5726070038910506,0.9981547196593329
0.5741634241245136,0.9981547196593329
0.5749416342412451,0.9981547196593329
0.5755642023346303,0.9981547196593329
0.5764980544747081,0.9981547196593329
0.5771206225680934,0.9981547196593329
0.5903501945525291,0.9981547196593329
0.5922178988326848,0.9981547196593329
0.5922178988326848,0.9982966643009227
0.5929961089494163,0.9982966643009227
0.5933073929961089,0.9982966643009227
0.5954863813229572,0.9982966643009227
0.5957976653696498,0.9982966643009227
0.5976653696498054,0.9982966643009227
0.6132295719844358,0.9984386089425125
0.6132295719844358,0.9985805535841022
0.6155642023346304,0.9985805535841022
0.615875486381323,0.9985805535841022
0.6183657587548638,0.9985805535841022
0.6336186770428015,0.9990063875088715
0.6354863813229572,0.9990063875088715
0.6359533073929962,0.9990063875088715
0.6393774319066148,0.9990063875088715
0.6398443579766537,0.9990063875088715
0.6412451361867705,0.9990063875088715
0.6600778210116731,0.9992902767920511
0.6622568093385214,0.9992902767920511
0.6622568093385214,0.9994322214336409
0.662568093385214,0.9994322214336409
0.6628793774319066,0.9994322214336409
0.6633463035019456,0.9994322214336409
0.6658365758754864,0.9994322214336409
0.6659922178988327,0.9995741660752306
0.6680155642023347,0.9995741660752306
0.6960311284046693,0.9997161107168204
0.6989883268482491,0.9997161107168204
0.7000778210116732,0.9997161107168204
0.7013229571984436,0.9997161107168204
0.7016342412451362,0.9997161107168204
0.7016342412451362,0.9998580553584102
0.7019455252918287,0.9998580553584102
0.7022568093385214,0.9998580553584102
0.7033463035019455,0.9998580553584102
0.7301167315175098,0.9998580553584102
0.7349416342412451,0.9998580553584102
0.7352529182879377,0.9998580553584102
0.7360311284046692,0.9998580553584102
0.7363424124513619,0.9998580553584102
0.7371206225680934,0.9998580553584102
0.7744747081712062,0.9998580553584102
0.7772762645914397,0.9998580553584102
0.7775875486381323,0.9998580553584102
0.7802334630350195,0.9998580553584102
0.7808560311284046,0.9998580553584102
0.781011673151751,0.9998580553584102
0.7813229571984436,0.9998580553584102
0.7819455252918288,0.9998580553584102
0.782568093385214,0.9998580553584102
0.7827237354085603,0.9998580553584102
0.8266147859922179,0.9998580553584102
0.8267704280155642,0.9998580553584102
0.8270817120622568,0.9998580553584102
0.829260700389105,0.9998580553584102
0.8295719844357977,0.9998580553584102
0.8300389105058366,0.9998580553584102
0.8305058365758755,0.9998580553584102
0.8308171206225681,0.9998580553584102
0.8311284046692607,0.9998580553584102
0.8317509727626459,0.9998580553584102
0.8320622568093385,0.9998580553584102
0.8325291828793774,0.9998580553584102
0.83284046692607,0.9998580553584102
0.8331517509727626,0.9998580553584102
0.8340856031128404,0.9998580553584102
0.8343968871595331,0.9998580553584102
0.8351750972762646,0.9998580553584102
0.8952529182879377,0.9998580553584102
0.8964980544747082,0.9998580553584102
0.8968093385214008,1.0
0.8986770428015565,1.0
0.898988326848249,1.0
0.8991439688715953,1.0
0.8997665369649805,1.0
0.9002334630350195,1.0
0.9005447470817121,1.0
0.9007003891050583,1.0
0.9014785992217899,1.0
0.9016342412451361,1.0
0.9022568093385214,1.0
0.9024124513618677,1.0
0.9030350194552529,1.0
0.9031906614785993,1.0
0.9039688715953308,1.0
0.9042801556420234,1.0
0.9044357976653696,1.0
1.0,1.0
